CK,Tran,San,TC,Giamua3,KLmua3,Giamua2,KLmua2,Giamua1,KLmua1,Giakhop,Khoiluongkhoplenh,Thaydoi,Phantramthaydoi,Giaban3,KLban3,Giaban2,KLban2,Giaban1,KLban1Caonhat,Thapnhat,TongKL,DTNNmua,DTNNban,DTNNdu
AAA,17.95,15.65,16.8,17.35,"507,400",17.4,"293,700",17.45,"73,600",17.5,200,0.70,4.2%,17.5,"118,100",17.55,"114,900",17.6,"145,800",17.5,16.9,"5,675,400","107,400","82,700","215,474,448"
AAM,11.75,10.25,11,10.85,100,11,100,11.15,200,11,400,0.00,0.0%,11.2,200,11.3,"1,200",11.35,"1,000",11,11,"1,500",,,"5,932,015"
AAT,14.1,12.3,13.2,13.8,"10,000",14,100,14.1,"139,400",14.1,"3,100",0.90,6.8%,,,,,,,14.1,13.15,"1,251,600",,,"17,047,900"
ABS,57.5,50.1,53.8,54.2,"2,700",54.5,500,54.6,100,54.9,500,1.10,2.0%,54.9,"5,700",55,"9,400",55.2,200,54.9,53.1,"41,200",,,
ACB,36.8,32,34.4,34.4,"128,500",34.45,"54,800",34.5,"57,400",34.5,400,0.10,0.3%,34.55,"99,500",34.6,"191,400",34.65,"97,800",34.55,34.2,"3,196,400","370,300","158,400",1
ACC,17.85,15.55,16.7,16.8,"6,000",16.85,"2,500",16.9,"2,400",16.9,300,0.20,1.2%,17,"10,100",17.05,"2,600",17.1,"6,400",17.05,16.8,"28,100","1,000",,"11,031,773"
ACL,14.05,12.25,13.15,13.05,"10,800",13.1,"9,800",13.15,"1,700",13.3,"2,500",0.15,1.1%,13.3,"8,500",13.4,"2,400",13.45,"2,700",13.3,13.15,"22,100",,,"18,384,224"
ADG,62.5,54.5,58.5,57.1,900,57.2,"2,000",57.3,"1,300",57.4,"3,000",-1.10,-1.9%,57.4,"2,400",57.5,"2,600",57.6,"4,800",58.6,57.4,"39,900",,,"4,100,888"
ADS,17.6,15.3,16.45,16.3,"5,000",16.35,"2,600",16.4,"5,100",16.45,"1,000",0.00,0.0%,16.45,"3,500",16.5,"9,800",16.55,"3,400",16.5,16.4,"13,500",,,"13,726,818"
AGG,45.1,39.2,42.15,41.55,"15,200",41.6,"25,600",41.7,"11,800",41.8,200,-0.35,-0.8%,41.9,"9,400",41.95,"28,300",42,"63,100",42.15,41.6,"574,900",,"3,000","35,483,266"
AGM,15.5,13.5,14.5,14.9,"1,000",15,"6,000",15.2,"2,800",15.3,100,0.80,5.5%,15.3,"2,500",15.35,"2,900",15.4,"6,100",15.4,14.6,"40,600",,,"7,715,530"
AGR,13.15,11.45,12.3,12.15,"50,700",12.2,"129,000",12.25,"77,700",12.3,"6,400",0.00,0.0%,12.3,"6,500",12.35,"40,300",12.4,"138,700",12.35,12.15,"611,600",,"9,600","102,747,261"
AMD,4.9,4.26,4.58,4.87,"12,000",4.88,"352,700",4.89,"38,200",4.9,"5,000",0.32,7.0%,4.9,"302,400",,,,,4.9,4.58,"6,140,400","60,500","52,800","78,083,163"
ANV,25.15,21.95,23.55,23.25,600,23.3,"9,500",23.4,"3,700",23.4,300,-0.15,-0.6%,23.45,"2,100",23.5,"32,200",23.55,"7,000",23.55,23.3,"132,700",400,"18,200","60,986,715"
APC,25.45,22.15,23.8,23.85,"1,000",23.9,100,23.95,300,24.4,100,0.60,2.5%,24.35,400,24.4,"1,900",24.5,"2,300",24.4,23.8,"14,500",,,"6,728,154"
APG,10.45,9.13,9.81,9.71,"6,300",9.75,"211,600",9.76,"4,700",9.76,400,-0.05,-0.5%,9.78,"17,200",9.79,"11,000",9.8,"32,900",9.83,9.76,"1,019,600","7,400",,"33,242,030"
APH,54.2,47.2,50.7,50.3,"2,500",50.4,"5,000",50.5,"2,500",50.5,"2,400",-0.20,-0.4%,50.6,"4,100",50.7,"10,500",50.8,"7,800",51,50,"244,700",,"3,100","78,823,489"
ASG,38.7,33.7,36.2,35.6,200,35.7,500,35.8,"2,300",35.8,300,-0.40,-1.1%,36,"1,100",36.2,"2,100",36.3,"2,700",35.8,35.8,"2,000",,,"18,440,479"
ASM,17.7,15.4,16.55,16.5,"80,900",16.55,"109,300",16.6,"7,800",16.6,200,0.05,0.3%,16.65,"62,100",16.7,"193,500",16.75,"140,800",16.8,16.5,"1,971,900",,"39,300","123,226,702"
ASP,8.02,6.98,7.5,7.47,"6,700",7.48,"3,500",7.49,"1,100",7.49,"2,000",-0.01,-0.1%,7.5,"13,500",7.55,"8,100",7.56,300,7.55,7.47,"81,900",,100,466
AST,66.1,57.5,61.8,60.2,100,60.5,"1,600",60.6,"1,400",60.6,200,-1.20,-1.9%,61,"1,100",61.3,500,61.8,"1,900",61.8,60.5,"9,500","1,100",600,"2,278,178"
ATG,0.65,0.57,0.61,,,,,,,,,,,,,,,,,,,,,,"7,327,570"
BCE,13.8,12,12.9,12.8,"26,100",12.85,"4,400",12.9,"33,100",12.95,"3,100",0.05,0.4%,12.95,"14,500",13,"32,000",13.05,100,12.95,12.9,"54,000",300,,"16,430,686"
BCG,15.75,13.75,14.75,14.5,"251,500",14.55,"68,200",14.6,"57,300",14.65,"1,200",-0.10,-0.7%,14.65,"1,200",14.7,"36,500",14.75,"52,100",14.75,14.5,"540,100","3,200",,"56,676,019"
BCM,61.4,53.4,57.4,56,700,56.2,200,56.3,500,57.4,200,0.00,0.0%,57.2,100,57.3,"3,400",57.4,"27,900",57.4,57.4,200,,,"486,606,140"
BFC,23.6,20.6,22.1,22,"125,200",22.05,"13,500",22.1,"105,300",22.1,"4,700",0.00,0.0%,22.2,200,22.25,"17,000",22.3,"7,300",22.1,22,"77,300","3,800","3,500","25,847,836"
BHN,74.9,65.1,70,69,"5,700",69.5,"2,800",69.6,"1,000",70,100,0.00,0.0%,70,"3,200",70.5,100,71.2,100,70,69.5,900,,,"73,129,030"
BIC,23.5,20.5,22,21.8,"3,800",21.85,200,21.9,"2,700",21.95,100,-0.05,-0.2%,21.95,"4,800",22,"3,400",22.05,"7,500",22.2,21.8,"40,300",100,"7,700","3,442,983"
BID,47.9,41.7,44.8,44.55,"16,600",44.6,"18,100",44.65,"1,000",44.7,"1,300",-0.10,-0.2%,44.7,"31,200",44.75,"7,400",44.8,"58,000",44.8,44.2,"2,571,500","301,100","636,200","521,999,041"
BKG,11.85,10.35,11.1,11.1,"46,500",11.2,"22,600",11.3,"18,800",11.35,"1,900",0.25,2.3%,11.35,"13,500",11.4,"11,700",11.45,"2,200",11.35,10.95,"333,400","4,900",,"15,615,800"
BMC,20.2,17.6,18.9,18.45,"2,100",18.5,"2,400",18.55,"2,200",18.55,200,-0.35,-1.9%,18.8,500,18.9,"3,100",19,"11,400",18.6,18.2,"46,500",400,100,"4,820,437"
BMI,27.7,24.1,25.9,25.8,"24,600",25.85,"4,000",25.9,"10,700",25.9,"2,000",0.00,0.0%,26,"11,400",26.1,"8,500",26.15,"1,000",26,25.7,"104,400",400,"10,400","13,777,012"
BMP,65.8,57.2,61.5,61.3,"4,000",61.4,"2,100",61.5,"1,600",61.5,"3,000",0.00,0.0%,61.6,"2,000",61.7,"1,900",61.8,700,61.5,61.4,"77,400","4,100","2,400","15,418,805"
BRC,14.75,12.85,13.8,13.3,"11,900",13.4,200,13.5,"3,200",13.5,500,-0.30,-2.2%,13.8,"2,200",13.9,100,13.95,200,13.8,13.5,"2,000",,,"5,998,128"
BSI,16.55,14.45,15.5,15.55,"15,700",15.6,"65,700",15.65,"26,900",15.7,100,0.20,1.3%,15.7,"7,800",15.75,"47,500",15.8,"138,900",15.8,15.45,"848,100","14,500",,"58,635,728"
BTP,15.75,13.75,14.75,14.65,300,14.7,"2,400",14.75,"25,800",14.75,800,0.00,0.0%,15,200,15.1,"1,300",15.2,"2,000",14.75,14.75,"3,200",,,"23,774,724"
BTT,52.7,45.85,49.3,46.1,"1,000",46.2,200,46.3,"1,000",,,,,49.3,100,52.7,"1,700",,,,,,,,"6,557,957"
BVH,66.7,58.1,62.4,62.5,"16,700",62.6,600,62.7,100,62.8,300,0.40,0.6%,62.8,"2,800",62.9,"1,600",63,"31,500",62.8,61.8,"332,300","42,700","27,000","160,075,164"
BWE,33.7,29.3,31.5,31.15,"12,900",31.2,"20,400",31.25,"8,300",31.3,100,-0.20,-0.6%,31.3,300,31.35,"11,700",31.4,"1,300",31.5,31.2,"47,800","7,900","1,100","60,836,080"
C32,30.2,26.3,28.25,27.9,"11,500",27.95,"7,000",28,"4,000",28,700,-0.25,-0.9%,28.1,"2,300",28.15,"6,000",28.2,"5,300",28.25,27.95,"81,300",,"2,600","5,358,494"
C47,14.05,12.25,13.15,13.15,"12,900",13.2,"3,700",13.25,"3,600",13.3,"1,100",0.15,1.1%,13.3,"15,300",13.4,"8,500",13.45,"9,500",13.3,13.15,"109,900",200,,"9,035,549"
CAV,67.7,58.9,63.3,63,200,63.2,200,63.3,100,63.5,100,0.20,0.3%,63.5,300,63.6,100,64,"2,200",63.5,63.5,"1,400",100,,"28,052,908"
CCI,18.6,16.2,17.4,16.2,700,16.3,"2,100",16.5,"1,900",,,,,17.4,"10,900",17.6,500,17.65,"1,500",,,,,,"8,265,543"
CCL,16.35,14.25,15.3,15.3,"60,400",15.35,"16,600",15.4,700,15.4,300,0.10,0.7%,15.45,100,15.5,"21,600",15.55,"12,300",15.6,15.3,"271,800","1,300","2,400","22,244,407"
CDC,16.65,14.55,15.6,15.4,"2,100",15.45,300,15.5,"2,400",15.6,500,0.00,0.0%,15.6,"8,500",15.9,"2,000",16,"6,200",16,15.6,"9,100",,,"10,687,498"
CEE,17.95,15.65,16.8,15.9,"1,000",15.95,500,16,800,,,,,16.8,800,16.95,300,17.5,"1,500",,,,,,"20,322,650"
CFPT2012,6.94,4.74,5.84,6.3,300,6.34,"1,400",6.36,"120,000",6.4,600,0.56,9.6%,6.4,"1,900",6.42,"1,400",6.44,"2,400",6.45,5.83,"172,200",,,"4,999,000"
CFPT2016,7.45,5.25,6.35,6.68,"64,000",6.7,"1,500",6.73,"1,200",6.7,"1,100",0.35,5.5%,6.8,"9,300",6.85,300,6.9,"9,600",6.85,6.35,"240,700",,,"4,869,070"
CFPT2017,7.57,4.83,6.2,6.71,"31,000",6.75,"2,000",6.8,"10,900",6.8,700,0.60,9.7%,7.1,"2,000",7.2,"39,400",7.5,"1,500",7,6.1,"137,100",,,"2,400,000"
CFPT2101,3.73,1.91,2.82,3.11,400,3.19,100,3.2,"4,800",3.3,"2,000",0.48,17.0%,3.3,"8,700",3.5,"14,800",3.6,"4,000",3.3,2.83,"284,200",,,"1,996,000"
CHDB2007,4.32,3.04,3.68,3.61,"1,000",3.62,"4,500",3.65,"88,800",3.66,"1,000",-0.02,-0.5%,3.66,"88,800",3.69,"2,000",3.7,"14,000",3.7,3.64,"104,800","77,100","20,600","2,280,620"
CHDB2008,3.11,1.89,2.5,2.42,"5,400",2.43,"96,800",2.44,"17,000",2.46,"1,000",-0.04,-1.6%,2.46,"1,400",2.49,"58,000",2.5,"17,900",2.55,2.44,"133,900","16,300","82,000","2,331,000"
CHDB2101,2.27,1.49,1.88,1.83,"6,500",1.85,"31,100",1.88,"5,300",1.89,100,0.01,0.5%,1.89,"1,900",1.9,"26,200",1.91,"23,700",1.91,1.89,"55,000",,"1,000","1,978,000"
CHP,20.4,17.8,19.1,18.6,"16,600",18.7,"15,500",18.9,"1,600",18.9,500,-0.20,-1.0%,19,600,19.1,"17,200",19.15,100,19.1,18.9,"3,000",,,"66,631,517"
CHPG2014,37.84,29.42,33.63,34.03,"164,600",34.04,"163,800",34.05,"150,800",33.87,"2,000",0.24,0.7%,34.29,"100,000",34.3,"100,000",34.31,"100,000",33.87,33.69,"22,300",,,"1,800,000"
CHPG2018,5.72,4,4.86,4.9,"50,000",4.92,200,4.94,"88,800",4.95,"8,800",0.09,1.9%,4.95,"8,800",4.97,100,4.99,"24,500",4.95,4.86,"434,100","18,200","239,900","7,803,080"
CHPG2020,27.95,21.05,24.5,23.9,"10,000",23.91,"10,000",24.5,"8,600",24.52,100,0.02,0.1%,24.52,"1,000",24.57,100,24.62,100,24.52,24.5,"5,600",,,"999,750"
CHPG2022,13.02,9.58,11.3,11.18,400,11.3,"193,500",11.33,"220,000",11.3,"1,000",0.00,0.0%,11.35,"4,200",11.4,"7,000",11.41,"1,500",11.3,11.24,"5,300",,,"4,999,500"
CHPG2026,8.51,5.07,6.79,6.52,"7,000",6.55,700,6.66,"100,000",6.8,300,0.01,0.1%,6.8,700,6.81,"5,000",6.82,"12,400",6.82,6.78,"69,200",,,"2,995,400"
CHPG2101,4.02,2.3,3.16,3.16,"1,900",3.17,"4,300",3.18,"1,900",3.19,400,0.03,0.9%,3.19,"2,700",3.2,"5,400",3.25,"1,100",3.19,3,"47,400",,,"1,999,000"
CHPG2102,14.55,7.65,11.1,11.1,"291,000",11.2,"12,000",11.3,"3,000",11.48,"1,000",0.38,3.4%,11.48,"5,500",11.49,"1,000",11.5,"3,500",11.48,11.1,"362,700",,,"3,999,000"
CHPG2103,6.72,3.28,5,5.14,"1,000",5.15,400,5.16,"3,500",5.17,300,0.17,3.4%,5.17,"2,000",5.18,100,5.19,"2,000",5.17,5,"138,500",,,"3,988,700"
CHPG2104,4.14,1.84,2.99,3.1,"4,000",3.11,"17,200",3.15,100,3.15,"2,000",0.16,5.4%,3.16,"2,200",3.2,"20,700",3.25,300,3.15,2.95,"198,700",,"13,800","1,982,200"
CHPG2105,7.45,4.01,5.73,5.87,"2,000",5.9,"3,300",5.91,"2,000",5.9,"3,700",0.17,3.0%,5.94,900,5.96,100,6,"16,700",5.9,5.73,"143,600",,,"4,850,700"
CIG,7.65,6.65,7.15,7.63,"11,400",7.64,200,7.65,"135,100",7.65,300,0.50,7.0%,,,,,,,7.65,7.2,"164,200",,,"15,446,924"
CII,26.6,23.2,24.9,24.8,"65,500",24.85,"68,800",24.9,"11,200",24.95,"2,900",0.05,0.2%,24.95,"80,400",25,"128,000",25.05,"7,300",25.05,24.75,"964,000","1,000","92,600","105,625,936"
CKDH2001,2.33,1.27,1.8,1.75,"6,000",1.76,500,1.8,"8,000",1.8,"1,300",0.00,0.0%,1.83,"6,500",1.84,"20,500",1.85,"28,600",1.84,1.8,"45,600",,,"2,976,190"
CKDH2002,2.68,1.62,2.15,2.12,"1,000",2.14,"2,000",2.15,"11,800",2.16,"3,000",0.01,0.5%,2.18,"1,900",2.19,"7,000",2.2,"29,900",2.2,2.15,"47,600",,,"2,943,940"
CKDH2101,2.23,1.37,1.8,1.71,"15,000",1.72,"4,100",1.75,200,1.8,"1,000",0.00,0.0%,1.8,"2,400",1.82,"6,800",1.85,800,1.82,1.8,"11,900",,,"2,000,000"
CKG,17.35,15.15,16.25,16.5,"115,400",16.55,"73,200",16.6,"14,700",16.65,200,0.40,2.5%,16.65,"111,900",16.7,"97,100",16.75,"58,600",16.95,16.5,"2,055,500","74,600","10,500","24,550,896"
CLC,41.15,35.85,38.5,38.15,"5,000",38.2,"3,900",38.3,"6,100",38.2,100,-0.30,-0.8%,38.9,600,39.1,100,39.2,500,39.4,38.2,600,,,"12,323,649"
CLG,0.82,0.72,0.77,,,,,,,,,,,,,,,,,,,,,,"10,315,770"
CLL,33.7,29.3,31.5,30,"2,600",30.4,"1,400",30.5,"3,100",31.5,100,0.00,0.0%,31,"3,100",31.9,500,32,"7,200",31.5,31.5,200,,,"14,160,739"
CLW,27.05,23.55,25.3,23.6,"5,800",24,200,24.1,"2,000",,,,,27,100,,,,,,,,,,"5,736,010"
CMBB2010,17.78,13.48,15.63,15.6,"4,900",15.63,"3,000",15.7,"1,500",15.7,100,0.07,0.4%,15.72,"27,100",15.73,"21,400",15.74,"28,700",15.72,15.2,"192,700",,,"2,975,960"
CMBB2101,5.17,3.03,4.1,4.05,"2,600",4.07,"1,500",4.09,"14,100",4.12,"1,000",0.02,0.5%,4.12,"3,000",4.15,500,4.17,700,4.12,3.9,"282,800","1,500",,"3,989,900"
CMG,38.9,33.9,36.4,36.5,"1,000",36.6,"1,300",36.65,"1,400",36.7,100,0.30,0.8%,36.7,300,36.75,500,36.85,"1,500",37,36.7,"22,500","12,500",200,"10,878,075"
CMSN2007,4.44,3.14,3.79,3.68,"1,000",3.69,"6,600",3.74,"88,800",3.75,"2,000",-0.04,-1.1%,3.75,"6,600",3.76,500,3.85,"6,600",3.76,3.68,"130,900","114,600","16,300","1,476,760"
CMSN2009,4.17,2.87,3.52,3.35,"7,300",3.4,"6,500",3.41,"1,500",3.5,100,-0.02,-0.6%,3.5,"4,900",3.57,100,3.58,100,3.5,3.4,"2,600",,,"1,798,020"
CMSN2101,2.1,1.46,1.78,1.73,"5,000",1.75,"6,000",1.76,"10,000",1.78,"1,200",0.00,0.0%,1.78,"17,000",1.79,"4,500",1.8,"14,200",1.78,1.6,"12,900",,,"1,995,400"
CMSN2102,1.95,1.31,1.63,1.52,500,1.6,"22,000",1.61,"7,400",1.62,"2,000",-0.01,-0.6%,1.63,"10,600",1.66,"4,500",1.69,"5,600",1.63,1.6,"18,400",,,"2,000,000"
CMV,17.05,14.85,15.95,,,,,,,15.5,"1,000",-0.45,-2.8%,15.9,100,15.95,400,17,800,15.5,15.5,"2,000",,,"5,905,254"
CMWG2013,25.36,15.94,20.65,20.12,"7,000",20.13,"7,000",20.5,"2,700",20.5,100,-0.15,-0.7%,20.62,100,20.66,100,20.71,100,21,20.5,200,,,"1,000,000"
CMWG2015,4.35,2.49,3.42,3.35,"60,000",3.36,100,3.4,700,3.42,"3,300",0.00,0.0%,3.46,"2,100",3.47,"5,000",3.49,100,3.42,3.4,"70,600",,,"4,995,000"
CMWG2016,3.94,2.08,3.01,2.96,"1,100",2.98,"3,000",3,"1,100",3,900,-0.01,-0.3%,3.05,"5,000",3.08,300,3.09,"16,900",3,2.98,"31,000",,,"5,000,000"
CMWG2017,4.36,2.04,3.2,3.05,900,3.08,"2,000",3.1,"2,000",3.19,100,-0.01,-0.3%,3.2,"9,100",3.21,100,3.22,"4,600",3.22,3.15,"62,900",,,"2,400,000"
CMWG2101,3.58,1.72,2.65,2.59,"2,000",2.6,"27,900",2.61,"1,000",2.61,100,-0.04,-1.5%,2.62,"1,100",2.63,100,2.66,"2,900",2.7,2.6,"21,700",,,"4,997,200"
CMWG2102,7.11,3.39,5.25,4.8,"2,400",4.93,400,4.95,100,5.15,100,-0.10,-1.9%,5.13,200,5.15,"4,400",5.16,"1,200",5.2,4.7,"1,200",,,"1,500,000"
CMWG2103,2.93,1.07,2,1.96,"3,000",1.97,"1,000",1.98,"2,000",1.98,200,-0.02,-1.0%,2,"8,600",2.01,"5,900",2.03,"13,300",2.03,1.95,"14,000",,,"1,993,200"
CMX,16.9,14.7,15.8,16.05,"22,000",16.1,"17,800",16.15,"7,500",16.2,100,0.40,2.5%,16.2,"14,900",16.25,"23,600",16.3,"31,800",16.25,15.85,"157,400","5,400",,"8,773,246"
CNG,25.1,21.9,23.5,23.7,"7,800",23.8,"14,700",23.9,"22,400",24,"42,000",0.50,2.1%,24,"42,000",24.2,"4,300",24.3,"4,800",24.3,23.55,"228,100","5,400","34,700","11,352,139"
CNVL2003,3.35,2.11,2.73,2.65,"10,000",2.66,"13,000",2.7,"89,300",2.7,500,-0.03,-1.1%,2.71,"66,600",2.72,100,2.73,"16,800",2.71,2.62,"772,800","220,900","433,800","7,160,000"
CNVL2101,2.45,1.67,2.06,1.98,"98,800",1.99,"1,000",2,"1,400",2.05,300,-0.01,-0.5%,2.06,"5,900",2.1,"13,700",2.11,500,2.05,2,"1,300",,,"1,889,100"
COM,49.2,42.8,46,,,42.8,"1,000",43,100,,,,,49,100,49.2,900,,,,,,,,"6,862,488"
CPNJ2101,2.3,1.08,1.69,1.65,"13,800",1.66,"7,000",1.67,"2,100",1.71,"1,000",0.02,1.2%,1.71,"1,200",1.72,"2,600",1.73,"3,600",1.72,1.67,"58,600",,,"4,998,000"
CPNJ2102,4.04,1.58,2.81,2.71,"7,000",2.86,500,2.89,400,2.89,200,0.08,2.8%,2.9,900,2.95,"1,700",2.96,500,2.89,2.8,"7,500",,,"1,495,000"
CPNJ2103,4.01,1.55,2.78,2.75,"6,200",2.78,"20,100",2.8,"31,700",2.81,300,0.03,1.1%,2.81,300,2.91,"4,000",3,"11,500",2.84,2.71,"18,200",,,"2,500,000"
CRC,13.2,11.5,12.35,12.35,"34,600",12.4,"27,100",12.45,"10,300",12.45,100,0.10,0.8%,12.5,"44,000",12.55,"4,700",12.6,"13,200",12.45,12.35,"90,100",,,"7,226,930"
CRE,31.85,27.75,29.8,30,"25,600",30.05,"2,200",30.1,"21,800",30.1,100,0.30,1.0%,30.2,"6,100",30.25,"23,600",30.3,"40,000",30.2,29.8,"755,300",,"27,100","38,673,583"
CREE2006,3.89,2.08,2.99,2.86,"3,000",2.88,"10,000",2.9,"1,000",2.9,"1,000",-0.09,-3.0%,2.95,"8,000",2.96,"24,600",3,"3,000",2.98,2.9,"100,100",,,"5,000,000"
CREE2101,3.75,1.94,2.85,2.7,"1,900",2.71,"7,000",2.8,100,2.79,100,-0.06,-2.1%,2.9,100,2.92,100,2.93,"2,000",2.85,2.78,"6,900",700,,"3,986,000"
CSBT2007,4.48,2.88,3.68,3.48,"3,000",3.58,"12,000",3.63,"88,800",3.64,"2,000",-0.04,-1.1%,3.64,"66,600",3.65,"2,500",3.7,"10,000",3.68,3.58,"122,000","105,300","15,600","3,014,140"
CSBT2101,2.1,1.48,1.79,1.65,"5,000",1.66,"10,000",1.7,"1,500",1.73,"2,000",-0.06,-3.4%,1.73,"6,300",1.76,200,1.79,"1,200",1.79,1.73,"17,900",,,"2,000,000"
CSM,19.8,17.3,18.55,18.5,"2,200",18.55,700,18.6,500,18.6,200,0.05,0.3%,18.65,"1,300",18.7,"5,700",18.75,700,18.7,18,"25,400",,,"49,788,480"
CSTB2007,6.4,4.86,5.63,5.71,"1,000",5.8,"1,000",5.82,"88,800",5.81,"2,000",0.18,3.2%,5.83,"11,100",5.89,200,5.9,"7,000",5.94,5.63,"87,000","57,100","29,400","2,263,600"
CSTB2010,5.96,4.42,5.19,5.31,"1,000",5.34,"2,700",5.35,"80,200",5.35,500,0.16,3.1%,5.36,"6,600",5.39,500,5.4,"5,000",5.35,5.18,"193,700","73,500","101,900","1,995,570"
CSTB2014,12.12,9.02,10.57,10.66,"3,000",10.78,"134,000",10.79,"201,000",10.84,"4,100",0.27,2.6%,10.84,"4,100",10.85,"1,000",10.9,"1,000",10.85,10.55,"112,100",,,"4,999,000"
CSTB2016,4.84,3.3,4.07,4.05,"1,000",4.19,"1,000",4.24,"87,800",4.22,"1,000",0.15,3.7%,4.25,"18,100",4.29,"1,600",4.3,"6,100",4.22,4.1,"96,100","41,800","48,300","763,040"
CSTB2017,8.66,5.56,7.11,6.9,"20,000",7,200,7.1,"2,000",7.2,"1,000",0.09,1.3%,7.4,100,7.48,500,7.49,"7,000",7.49,7.2,"1,600",,,"1,993,700"
CSTB2101,3.67,2.13,2.9,2.8,500,2.87,"88,800",2.9,"3,800",2.9,"1,000",0.00,0.0%,3,200,3.05,400,3.08,200,3,2.78,"102,100","6,800","80,400","1,641,900"
CSTB2102,7.73,4.63,6.18,6,"25,000",6.1,"3,500",6.18,"2,100",6.18,"6,500",0.00,0.0%,6.2,"3,700",6.25,400,6.29,"18,700",6.18,5.82,"57,300",,"17,000","1,888,800"
CSTB2103,4.05,2.51,3.28,3.28,"13,900",3.3,"5,200",3.33,"14,800",3.33,"5,200",0.05,1.5%,3.35,"24,200",3.36,"15,000",3.39,"1,800",3.35,3.27,"248,700","20,600",,"4,969,000"
CSV,32.3,28.1,30.2,30.05,"10,600",30.1,"6,000",30.15,"5,500",30.2,"6,000",0.00,0.0%,30.2,"9,100",30.25,500,30.3,"4,900",30.35,30.1,"95,800","2,400","4,000","15,564,036"
CTCB2012,23.5,17.7,20.6,20.53,"146,700",20.54,"151,400",20.55,"101,800",20.6,"2,000",0.00,0.0%,20.6,500,20.77,"43,900",20.78,"46,300",20.6,20.17,"57,500",,,"4,927,000"
CTCB2013,22,16.2,19.1,19.04,"132,900",19.05,"104,300",19.06,"123,100",18.86,100,-0.24,-1.3%,19.1,"1,000",19.23,"132,100",19.24,"136,800",18.91,18.06,"32,300",,,"4,944,500"
CTCB2101,17.1,11.3,14.2,13.82,400,13.85,"53,000",13.9,100,14.05,"10,000",-0.15,-1.1%,14.05,"60,000",14.2,100,14.8,"1,200",14.2,13.8,"73,700",,,"1,990,000"
CTCB2102,6.45,3.55,5,4.9,"6,900",4.93,"1,000",4.95,"1,900",4.95,100,-0.05,-1.0%,5,800,5.02,400,5.04,100,5,4.9,"108,700",,,"4,991,000"
CTCB2103,6.95,4.05,5.5,5.31,100,5.35,"35,800",5.37,"2,000",5.46,"3,800",-0.04,-0.7%,5.45,200,5.46,"6,500",5.47,"9,500",5.47,5.02,"75,000",,,"4,994,000"
CTCH2001,2.02,1.1,1.56,1.5,"14,600",1.51,300,1.52,"3,000",1.5,"3,300",-0.06,-3.8%,1.56,800,1.58,"6,100",1.59,"13,300",1.6,1.46,"134,000",,,"8,000,000"
CTCH2003,2.65,1.73,2.19,2.07,"1,000",2.1,"2,000",2.15,"8,000",2.15,"1,500",-0.04,-1.8%,2.16,"15,300",2.17,"15,900",2.18,"5,700",2.18,1.79,"82,500",,"4,000","5,995,000"
CTCH2101,2.98,2.06,2.52,2.29,"9,800",2.3,"7,200",2.31,"10,100",2.53,"2,000",0.01,0.4%,2.56,500,2.57,"17,500",2.58,"13,000",2.53,2.49,"6,800",,,"2,000,000"
CTD,77.2,67.2,72.2,71.8,"18,000",71.9,"6,900",72,"3,900",72,100,-0.20,-0.3%,72.1,"4,200",72.2,"20,100",72.3,"14,300",72.2,71.7,"235,700","2,600","6,400","3,029,596"
CTF,21.25,18.55,19.9,19.1,"1,500",19.15,"1,600",19.2,"2,400",19.3,"1,500",-0.60,-3.0%,19.45,100,19.5,100,19.7,"6,700",19.65,19.15,"52,700",,500,"33,447,612"
CTG,45.55,39.65,42.6,42.55,"24,100",42.6,"75,200",42.65,"9,300",42.65,"11,900",0.05,0.1%,42.7,"144,600",42.75,"66,500",42.8,"239,100",42.7,42.3,"8,990,200","22,600","579,400","129,519,356"
CTI,19.65,17.15,18.4,18.5,"55,100",18.6,"8,400",18.65,700,18.65,700,0.25,1.4%,18.7,"4,100",18.8,"36,700",18.85,"2,600",18.8,18.2,"431,500",,,"30,305,505"
CTS,18.4,16,17.2,17.05,"22,900",17.1,"36,500",17.15,"5,600",17.2,800,0.00,0.0%,17.2,"24,900",17.25,"25,500",17.3,"18,100",17.2,17,"469,300",,"16,000","48,815,948"
CVHM2006,1.23,0.55,0.89,0.84,"37,700",0.85,"24,700",0.86,"20,000",0.85,"1,900",-0.04,-4.5%,0.88,"25,100",0.89,"54,900",0.9,"23,300",0.89,0.84,"212,300","3,400",,"9,953,130"
CVHM2008,2.74,1.36,2.05,1.95,"8,600",1.96,"27,600",1.97,"6,000",1.99,500,-0.06,-2.9%,1.99,"1,800",2,"10,300",2.05,"28,200",2.02,1.95,"192,000","16,200",,"6,976,950"
CVHM2010,3.19,1.81,2.5,2.4,"1,000",2.45,"18,500",2.46,"5,500",2.5,"4,000",0.00,0.0%,2.5,"8,200",2.52,"57,700",2.53,"21,600",2.5,2.45,"50,400",,,"5,000,000"
CVHM2101,2.31,1.45,1.88,1.78,"3,500",1.8,800,1.81,"10,000",1.88,100,0.00,0.0%,1.88,"12,100",1.89,200,1.9,"5,000",1.89,1.88,"2,900",,,"1,998,000"
CVHM2102,3.24,1.86,2.55,2.48,800,2.49,"3,900",2.5,"2,800",2.51,"1,000",-0.04,-1.6%,2.51,"2,900",2.52,100,2.53,"1,400",2.53,2.48,"75,200",,,"4,993,300"
CVHM2103,2.57,1.19,1.88,1.84,500,1.85,"3,800",1.86,"2,000",1.86,200,-0.02,-1.1%,1.89,"1,000",1.9,"41,100",1.93,"10,000",1.86,1.85,"36,600",700,,"2,493,000"
CVHM2104,2.67,1.29,1.98,1.95,"15,800",1.96,"22,200",1.97,"1,100",1.98,"2,000",0.00,0.0%,1.98,"2,000",1.99,"10,500",2,"20,300",2,1.96,"102,100","2,000",,"5,000,000"
CVIC2004,1.69,0.83,1.26,1.22,"13,500",1.23,"16,000",1.24,"16,300",1.25,"40,000",-0.01,-0.8%,1.25,"91,800",1.26,"32,800",1.3,"20,400",1.26,1.19,"918,300","627,300","252,900","4,237,620"
CVIC2005,3.44,1.7,2.57,2.42,500,2.47,"2,000",2.49,"96,800",2.47,"10,000",-0.10,-3.9%,2.5,"88,800",2.56,"10,000",2.57,"10,000",2.5,2.4,"351,400","114,200","225,600","2,528,440"
CVIC2101,2.28,1.42,1.85,1.72,"100,600",1.73,"6,000",1.74,"10,000",1.84,"1,000",-0.01,-0.5%,1.84,"29,800",1.85,"6,900",1.88,200,1.85,1.7,"81,800",,"49,600","1,950,100"
CVIC2102,3.92,2.18,3.05,2.8,"29,300",2.9,"2,000",3,"13,800",3.1,"2,000",0.05,1.6%,3.15,"1,500",3.2,"6,000",3.3,"5,000",3.1,3,"36,400",,,"1,490,000"
CVJC2004,1.43,0.51,0.97,0.89,"10,100",0.9,"21,000",0.92,"1,600",0.92,500,-0.05,-5.2%,0.95,"18,500",0.97,"8,000",0.98,"2,500",0.98,0.9,"49,000",,100,"1,925,700"
CVJC2006,1.93,1.01,1.47,1.38,"5,100",1.39,"5,200",1.4,"3,700",1.42,"2,000",-0.05,-3.4%,1.42,"3,400",1.43,"2,400",1.44,"1,500",1.47,1.4,"105,000",,"24,600","4,841,310"
CVNM2011,1.69,0.85,1.27,1.16,"5,400",1.17,"1,200",1.2,"24,800",1.21,100,-0.06,-4.7%,1.21,"12,700",1.24,400,1.25,"41,600",1.27,1.1,"80,800",,,"9,982,500"
CVNM2101,2.08,1.4,1.74,1.6,"19,500",1.64,600,1.65,"3,600",1.66,300,-0.08,-4.6%,1.66,"47,100",1.7,"10,200",1.74,"9,200",1.71,1.65,"53,600",,,"2,000,000"
CVNM2102,2.54,1.16,1.85,1.76,"5,000",1.77,"2,500",1.79,"1,400",1.8,"10,000",-0.05,-2.7%,1.8,"56,800",1.86,"6,600",1.95,"2,100",1.86,1.8,"111,000",,,"3,998,000"
CVNM2103,2.67,1.29,1.98,1.95,"12,500",1.96,"15,000",1.98,900,2.02,100,0.04,2.0%,2.05,"5,400",2.09,"1,500",2.1,"15,100",2.02,1.95,"75,300",,,"2,982,000"
CVPB2011,12.97,9.73,11.35,,,10,200,11.8,"70,000",11.8,200,0.45,4.0%,12.14,"70,100",,,,,11.8,11.23,"14,600",,,"5,000,000"
CVPB2015,24.73,18.23,21.48,22.24,"200,000",22.25,"200,000",22.26,"200,000",21.81,"5,000",0.33,1.5%,22.4,"250,000",22.41,"250,000",22.42,"250,000",21.81,21.34,"71,300",,,"2,497,000"
CVPB2016,23.23,16.73,19.98,20.63,"126,400",20.64,"121,600",20.65,"123,000",20.65,200,0.67,3.4%,20.8,"100,000",20.81,"100,000",20.82,"100,000",20.65,19.8,"15,500",,,"2,196,780"
CVPB2101,7.01,3.77,5.39,5.6,"5,500",5.61,100,5.65,"24,600",5.78,100,0.39,7.2%,5.78,200,5.8,"10,100",5.82,100,5.78,5.35,"64,000",,"12,000","2,988,000"
CVPB2102,7.62,4.38,6,6.03,"10,000",6.15,"6,300",6.2,"1,000",6.24,"1,000",0.24,4.0%,6.25,"1,000",6.3,"6,500",6.5,"5,500",6.24,6,"41,700",,,"2,000,000"
CVPB2103,7.64,4.4,6.02,6,"1,600",6.01,300,6.41,"70,000",6.43,"3,000",0.41,6.8%,6.44,800,6.49,500,6.5,"2,000",6.43,5.9,"109,800",,,"5,000,000"
CVRE2009,1.77,0.79,1.28,1.19,"20,000",1.2,"133,200",1.21,"3,100",1.25,600,-0.03,-2.3%,1.25,"23,600",1.26,"26,400",1.27,"20,000",1.28,1.2,"271,200",,"187,200","7,167,950"
CVRE2011,2.22,1,1.61,1.51,"9,700",1.52,"830,900",1.53,"6,600",1.54,200,-0.07,-4.3%,1.54,"4,800",1.57,"1,400",1.58,"19,200",1.6,1.52,"178,400","6,400","102,600","5,061,790"
CVRE2013,11.39,6.49,8.94,8.7,"15,700",8.71,"6,200",8.76,100,8.8,100,-0.14,-1.6%,8.8,"14,100",8.82,"2,000",8.86,"5,800",9,8.7,"114,700",,,"3,357,900"
CVRE2014,10.55,5.65,8.1,7.87,"5,300",7.88,"5,000",7.9,"9,500",7.85,500,-0.25,-3.1%,7.99,"5,000",8,"9,100",8.06,"78,600",8,7.72,"52,400",,,"4,170,000"
CVRE2015,5.22,2.78,4,3.75,"6,000",3.76,500,3.77,500,3.8,"5,000",-0.20,-5.0%,3.89,"10,000",3.9,"3,600",3.94,300,4,3.8,"43,400",,,"2,000,000"
CVRE2101,2.67,1.45,2.06,2.03,"1,500",2.04,200,2.05,400,2.05,"8,700",-0.01,-0.5%,2.08,"12,900",2.09,"34,000",2.1,"7,700",2.05,2.03,"13,900",,,"1,943,400"
CVRE2102,2.79,1.57,2.18,2.12,"5,100",2.13,"2,200",2.14,"4,100",2.18,100,0.00,0.0%,2.18,"19,800",2.19,"5,800",2.2,"17,100",2.18,2.13,"12,000","2,000",,"5,000,000"
CVRE2103,2.63,1.41,2.02,1.91,"13,500",1.93,"1,000",1.95,"11,600",1.96,200,-0.06,-3.0%,1.96,"35,600",1.97,"10,800",1.98,"32,400",2,1.95,"176,400",,,"4,995,000"
CVT,50.8,44.2,47.5,45.35,"1,700",45.4,100,45.5,500,47.95,100,0.45,0.9%,47.95,"1,200",48.1,"2,100",48.15,200,47.95,45.1,"24,700",,"4,500","36,155,180"
D2D,62.4,54.4,58.4,58.5,"1,700",58.6,"2,000",58.7,"1,500",59,100,0.60,1.0%,59,"4,600",59.1,"1,300",59.2,300,59,58,"120,600",,,"13,955,657"
DAG,8.11,7.05,7.58,7.46,"11,400",7.47,"1,000",7.48,"12,400",7.49,"2,500",-0.09,-1.2%,7.49,"30,000",7.5,"11,200",7.51,"201,700",7.56,7.48,"348,000",,,"20,716,061"
DAH,7.96,6.92,7.44,7.49,"4,900",7.5,"48,300",7.55,"17,500",7.6,"1,500",0.16,2.2%,7.6,"7,200",7.65,"3,100",7.7,"8,000",7.8,6.95,"758,900","8,300",,"16,469,930"
DAT,28.85,25.15,27,25.2,400,26.3,500,27,100,27.5,100,0.50,1.9%,27.45,"1,700",27.5,700,27.7,200,27.5,27.5,100,,,"22,541,767"
DBC,62.9,54.7,58.8,58.1,"21,700",58.2,"14,000",58.3,"12,900",58.3,"1,000",-0.50,-0.9%,58.4,"14,000",58.5,"27,200",58.6,"11,000",58.7,58,"907,300",200,500,"47,714,758"
DBD,49.2,42.8,46,45.5,100,45.6,"3,200",46,"7,200",46.2,100,0.20,0.4%,46.15,100,46.2,"7,600",46.3,100,46.2,45.05,"18,500",,800,"52,323,170"
DBT,13.05,11.35,12.2,12.05,"2,000",12.1,300,12.2,"7,600",12.4,200,0.20,1.6%,12.4,"2,000",12.45,"7,000",12.5,900,12.5,12.2,"5,200",,,
DC4,17.7,15.4,16.55,16.25,700,16.3,"9,000",16.4,"4,200",16.4,800,-0.15,-0.9%,16.7,"3,000",16.9,"5,000",17,"5,000",16.6,16.3,"128,100",,,"15,646,206"
DCL,31.2,27.2,29.2,28.8,"1,000",28.85,500,28.9,"3,500",28.9,300,-0.30,-1.0%,29,"4,500",29.05,400,29.1,"7,700",29.2,28.9,"76,900","1,100","1,600","17,107,947"
DCM,19.2,16.7,17.95,17.85,"66,400",17.9,"133,100",17.95,"49,800",17.95,500,0.00,0.0%,18,"123,400",18.05,"52,300",18.1,"148,400",18,17.5,"1,560,400",,"64,800","242,238,943"
DGC,75.2,65.4,70.3,70.3,"11,600",70.4,"1,900",70.5,"4,200",70.7,400,0.40,0.6%,70.6,500,70.7,600,70.9,900,71.2,69.9,"150,000","12,300","9,900","69,294,189"
DGW,130.1,113.1,121.6,119.6,700,119.7,"1,800",119.8,400,119.9,100,-1.70,-1.4%,119.9,"3,500",120,"13,300",120.4,100,122.6,119.5,"109,200","2,800","10,400","9,283,301"
DHA,53.2,46.35,49.8,49.3,"7,200",49.5,"1,100",49.6,"1,900",49.6,100,-0.20,-0.4%,50.3,"2,100",50.5,"1,100",50.6,"1,500",50,49.5,"9,100",,,"5,450,221"
DHC,95,82.6,88.8,88.1,"3,100",88.2,"4,800",88.3,"2,400",88.4,600,-0.40,-0.5%,88.5,"28,500",88.7,600,88.8,"26,700",88.9,88.1,"111,200","1,000","17,700","10,577,359"
DHG,106,92.2,99.1,99,"2,100",99.1,"1,700",99.2,200,99.1,100,0.00,0.0%,99.5,900,99.6,"2,000",99.8,"3,100",99.5,99.1,"2,100","1,000",,"59,363,101"
DHM,10.85,9.44,10.15,10.1,"4,500",10.15,"3,700",10.2,"3,400",10.2,"1,000",0.05,0.5%,10.25,"3,600",10.3,"3,600",10.35,"4,100",10.2,10.1,"65,400",,,"14,921,029"
DIG,33.05,28.75,30.9,30.75,"10,900",30.8,"35,000",30.85,"62,800",30.95,200,0.05,0.2%,30.9,"121,300",30.95,"194,800",31,"344,600",31,30.65,"2,394,400","68,800",,"150,445,240"
DLG,3.46,3.02,3.24,3.44,"51,700",3.45,"234,100",3.46,"2,068,700",3.46,"15,500",0.22,6.8%,,,,,,,3.46,3.24,"7,536,000","122,000","20,000","137,289,863"
DMC,58.3,50.7,54.5,54.6,"13,200",54.7,"1,400",54.8,100,54.9,400,0.40,0.7%,54.9,"3,400",55,"3,200",55.1,"2,000",55,54.4,"52,300","12,300","9,600","14,661,280"
DPG,38.7,33.7,36.2,36.1,500,36.15,300,36.2,"6,000",36.6,500,0.40,1.1%,36.6,"23,400",36.65,"6,500",36.7,"11,400",36.8,35.55,"267,000","11,400",,"21,916,583"
DPM,21.9,19.1,20.5,20.15,"27,400",20.2,"15,200",20.25,"16,800",20.3,"4,100",-0.20,-1.0%,20.3,"51,400",20.35,"7,500",20.4,"106,500",20.4,20,"771,200","102,000","36,000","137,736,599"
DPR,51.4,44.75,48.1,48.5,"3,800",48.55,"5,200",48.6,500,48.75,100,0.65,1.4%,48.75,300,48.8,500,48.9,700,48.9,48.5,"3,800",,,"16,049,470"
DQC,26.05,22.65,24.35,25,"14,300",25.1,"7,600",25.3,"2,800",25.3,200,0.95,3.9%,25.6,"9,700",25.7,"1,400",25.8,"7,600",25.8,24.6,"102,300",,300,"16,471,292"
DRC,31.15,27.15,29.15,28.9,"31,100",28.95,"6,100",29,"14,700",29.05,"1,800",-0.10,-0.3%,29.05,"9,800",29.1,"53,000",29.15,"31,600",29.15,28.8,"1,059,500","2,000","55,100","46,356,678"
DRH,13.9,12.1,13,13.35,"110,500",13.4,"93,000",13.45,"48,100",13.45,"1,000",0.45,3.5%,13.5,"73,700",13.55,"35,400",13.6,"89,000",13.55,12.85,"1,250,500","35,800",200,"28,210,273"
DRL,62.5,54.5,58.5,56.9,"1,000",57,800,57.1,"2,100",57.1,100,-1.40,-2.4%,60,100,61,300,62,600,57.1,57.1,100,,,"4,554,130"
DSN,50.5,43.95,47.25,47.1,500,47.2,"1,700",47.25,500,47.25,100,0.00,0.0%,47.3,"7,000",47.35,"3,000",47.5,"2,200",47.3,47.2,"2,900","1,000",100,"3,467,441"
DTA,14.05,12.25,13.15,12.7,"12,400",12.75,200,12.8,"14,700",12.8,200,-0.35,-2.7%,12.9,"5,300",13,"9,200",13.1,"25,300",13.15,12.8,"88,900",,,"8,831,151"
DTL,13.9,12.1,13,,,,,,,,,,,,,,,,,,,,,,"30,101,724"
DTT,13.9,12.1,13,,,,,13.2,"2,000",,,,,13.9,500,,,,,,,,,,"3,979,994"
DVP,49.75,43.25,46.5,46.35,"2,000",46.4,900,46.5,400,46.5,100,0.00,0.0%,46.55,100,46.7,400,46.75,100,46.55,46.4,"11,200","1,200",800,"14,415,890"
DXG,26.95,23.45,25.2,24.85,"98,800",24.9,"55,000",24.95,"22,600",24.95,600,-0.25,-1.0%,25,"85,200",25.05,"110,800",25.1,"178,900",25.2,24.8,"1,447,600","64,800","38,100","80,051,508"
DXV,5,4.36,4.68,4.5,"1,000",4.51,200,4.55,"1,000",4.69,500,0.01,0.2%,4.67,400,4.68,"1,000",4.69,100,4.7,4.65,"4,400",,,"4,822,850"
E1VFVN30,22.36,19.44,20.9,20.98,"199,600",20.99,"204,400",21,"186,300",21.03,100,0.13,0.6%,21.03,"10,400",21.07,"16,500",21.08,"10,500",21.2,20.89,"125,100","29,300","49,600","8,469,260"
EIB,24.35,21.25,22.8,22.35,"55,500",22.4,"75,200",22.45,"58,800",22.5,100,-0.30,-1.3%,22.5,"3,700",22.55,"8,100",22.6,"47,400",22.8,22.4,"754,400",,"2,700","2,224,492"
ELC,14.9,13,13.95,13.5,"46,800",13.55,"23,800",13.6,"61,300",13.65,300,-0.30,-2.2%,13.65,"12,100",13.75,"7,600",13.8,"7,300",13.8,13.6,"388,100","1,200",,"18,626,805"
EMC,24.85,21.65,23.25,,,,,,,,,,,22.9,100,24,100,24.85,200,,,,,,"7,490,173"
EVE,17.85,15.55,16.7,16.2,"3,500",16.3,"5,900",16.4,"4,500",16.4,100,-0.30,-1.8%,16.7,"82,800",16.8,100,16.9,600,16.7,16.4,"40,000","5,200","21,700","13,935,007"
EVG,15.5,13.5,14.5,13.65,"4,700",13.7,"1,200",13.75,"6,500",13.65,100,-0.85,-5.9%,13.8,300,13.95,700,14,"15,300",14.15,13.5,"415,800",,"16,900","50,689,070"
FCM,8.12,7.06,7.59,7.6,"25,100",7.65,"12,000",7.66,"2,000",7.65,500,0.06,0.8%,7.68,"13,500",7.7,"3,300",7.8,"2,000",7.65,7.56,"53,600",,,"19,238,885"
FCN,15.6,13.6,14.6,14.45,"20,800",14.5,"310,100",14.55,"32,800",14.6,"19,900",0.00,0.0%,14.6,"28,000",14.65,"46,200",14.7,"96,300",14.65,14.5,"703,000",500,100,"48,155,657"
FDC,13.25,11.55,12.4,11.6,100,11.7,200,12.2,600,12.2,100,-0.20,-1.6%,12.4,800,12.5,"1,200",12.6,"1,000",12.35,12.2,"1,200",,,"18,914,530"
FIR,27.8,24.2,26,25.7,"2,800",25.8,"2,200",25.85,"2,000",25.9,400,-0.10,-0.4%,25.9,"4,600",26,"1,500",26.05,"2,500",26.05,25.8,"54,700",,"1,100","13,068,775"
FIT,12.15,10.65,11.4,11.05,"145,400",11.1,"153,500",11.15,"150,100",11.2,600,-0.20,-1.8%,11.2,"83,200",11.25,"163,300",11.3,"117,200",11.3,11,"3,386,600","254,000","1,900","120,413,382"
FLC,12.6,11,11.8,11.9,"294,000",11.95,"161,200",12,"187,600",12.05,200,0.25,2.1%,12.05,"76,500",12.1,"276,500",12.15,"236,000",12.25,11.8,"11,235,900","646,800","17,500","335,554,477"
FMC,37.95,33.05,35.5,34.8,"16,400",34.85,"7,100",34.9,"2,800",34.9,100,-0.60,-1.7%,35.3,"7,400",35.35,100,35.4,"2,600",35.4,34.8,"39,800","4,200","1,700","24,490,071"
FPT,85.1,74.1,79.6,82.3,"6,400",82.4,"9,300",82.5,"41,100",82.5,500,2.90,3.6%,82.6,"6,300",82.7,"39,300",82.8,"35,000",83,79.9,"2,956,300","21,100","25,000",23
FRT,34.75,30.25,32.5,32.15,"30,800",32.2,"5,000",32.25,300,32.3,"2,000",-0.20,-0.6%,32.3,"18,500",32.35,"10,100",32.4,"8,800",32.45,32,"744,100","10,400","16,000","29,620,910"
FTM,3.53,3.07,3.3,3.5,"14,800",3.52,"8,000",3.53,"245,700",3.53,300,0.23,7.0%,,,,,,,3.53,3.35,"1,258,600",,,"24,401,680"
FTS,19.15,16.65,17.9,18.55,"15,800",18.6,"12,100",18.65,"41,300",18.7,"2,100",0.80,4.5%,18.7,"18,500",18.75,"5,100",18.8,"66,700",18.7,17.8,"640,700",,,"103,326,396"
FUCTVGF1,14.2,12.4,13.3,,,,,,,,,,,14.2,100,,,,,,,,,,"7,347,110"
FUCTVGF2,14.2,12.4,13.3,,,,,,,,,,,14.2,"1,400",,,,,,,,,,"8,085,878"
FUCVREIT,14.1,12.3,13.2,13.65,"1,500",14,"10,900",14.1,"3,300",14.1,100,0.90,6.8%,,,,,,,14.1,13.65,"15,800",,"10,000","2,409,010"
FUEMAV30,15.81,13.75,14.78,14.6,"10,000",14.63,"50,000",14.7,"10,000",,,,,14.8,"100,000",14.81,"20,000",14.97,"1,000",,,,,,"1,849,320"
FUESSV30,16.78,14.6,15.69,15.57,"21,100",15.59,"19,300",15.61,"17,300",15.59,100,-0.10,-0.6%,15.69,"19,400",15.71,"19,800",15.72,100,15.59,15.51,"24,700",,"24,100","3,551,280"
FUESSV50,19.52,16.98,18.25,18.15,300,18.2,300,18.24,100,18.25,300,0.00,0.0%,18.25,"99,100",18.3,"100,000",18.35,"100,000",18.25,18.24,"1,200",100,200,"4,112,150"
FUESSVFL,18.37,15.97,17.17,17.1,"45,400",17.12,"54,100",17.14,"48,500",17.03,200,-0.14,-0.8%,17.16,100,17.22,"45,300",17.24,"54,000",17.13,17.03,"9,500","7,200","500,000","750,000"
FUEVFVND,22.09,19.21,20.65,20.78,"25,000",20.79,"25,700",20.8,"11,600",20.8,"5,000",0.15,0.7%,20.81,"5,700",20.82,"5,000",20.83,"2,100",21,20.6,"698,000","670,700","280,000","4,009,359"
FUEVN100,17.4,15.14,16.27,16.06,200,16.1,100,16.13,"10,000",16.15,100,-0.12,-0.7%,16.15,"10,800",16.25,100,16.33,"10,000",16.29,16.15,"11,400","10,200","11,100","1,796,570"
GAB,205,178.2,191.6,191.1,900,191.2,"1,400",191.4,100,191.4,900,-0.20,-0.1%,191.5,200,191.6,700,191.7,"1,200",191.5,191.4,"1,200",,900,"6,662,480"
GAS,95.2,82.8,89,89.4,"1,600",89.5,"7,500",89.6,600,89.7,600,0.70,0.8%,89.7,"9,800",89.8,"3,400",89.9,"11,400",89.9,88.9,"122,400","1,600","20,900","884,839,732"
GDT,57.7,50.3,54,53.1,"1,200",53.3,"1,800",53.4,"9,500",53.4,200,-0.60,-1.1%,53.5,"5,800",53.8,"1,400",53.9,500,54,53.1,"72,000",,500,"5,976,000"
GEG,20.5,17.9,19.2,19.2,"12,100",19.25,"14,900",19.3,"6,300",19.3,"9,700",0.10,0.5%,19.35,"6,300",19.4,"34,500",19.45,"6,900",19.35,19.05,"283,100","20,100",,"30,359,119"
GEX,30.45,26.55,28.5,27.75,"30,300",27.8,"208,200",27.85,"86,400",27.9,"1,800",-0.60,-2.1%,27.9,"12,100",27.95,"11,500",28,"43,200",28.45,27.8,"4,777,300","152,300","179,500","177,165,177"
GIL,79.6,69.2,74.4,73.5,"16,900",73.6,"1,600",73.7,"1,200",73.6,100,-0.80,-1.1%,74,"9,100",74.2,700,74.3,"1,000",74.4,73.5,"59,300",,,"15,315,599"
GMC,37.3,32.5,34.9,32.9,200,33,"1,100",33.1,"10,500",34.9,500,0.00,0.0%,34.9,900,35.5,200,35.6,"1,000",34.9,34.9,500,,,"12,173,925"
GMD,37.75,32.85,35.3,34.95,"5,200",35,"5,900",35.1,"14,600",35.1,"6,600",-0.20,-0.6%,35.15,"14,100",35.2,"50,500",35.25,"16,700",35.25,34.8,"1,352,300","131,200",,"34,303,437"
GSP,14,12.2,13.1,13,900,13.1,"1,800",13.15,"1,100",13.2,600,0.10,0.8%,13.2,"8,300",13.3,"5,800",13.4,400,13.2,13,"16,100",700,,"14,932,340"
GTA,17.3,15.1,16.2,15.9,"1,100",16,"3,900",16.15,300,16,300,-0.20,-1.2%,16.2,600,16.3,200,16.45,100,16.2,16,"7,500",,,"5,046,305"
GTN,23.75,20.65,22.2,22.25,"33,000",22.3,"71,200",22.35,"16,400",22.4,"5,900",0.20,0.9%,22.4,"16,400",22.45,"25,400",22.5,"88,300",22.45,22.2,"355,900",200,,"249,445,161"
GVR,30.35,26.45,28.4,28.6,"58,200",28.65,"15,900",28.7,"27,900",28.75,"1,000",0.35,1.2%,28.75,"24,800",28.8,"115,400",28.85,"117,400",28.95,28.4,"1,919,100","14,800","137,000","496,923,020"
HAG,6.14,5.34,5.74,5.8,"144,200",5.81,"25,200",5.82,"173,200",5.82,100,0.08,1.4%,5.83,"111,500",5.84,"62,800",5.85,"780,800",5.83,5.72,"4,801,000","1,100","5,000","384,020,700"
HAH,26.25,22.85,24.55,24.25,"5,300",24.3,"5,400",24.4,"1,300",24.45,"1,000",-0.10,-0.4%,24.45,"10,800",24.5,"62,000",24.55,"5,600",24.55,24.1,"234,400","2,400","34,500","17,999,285"
HAI,4.52,3.94,4.23,4.49,"60,100",4.5,"56,800",4.51,"61,200",4.52,"5,000",0.29,6.9%,4.52,"174,000",,,,,4.52,4.23,"5,568,400","115,500","2,600","87,711,904"
HAP,16.05,13.95,15,14.7,"12,200",14.75,"11,500",14.8,"5,100",14.8,"1,900",-0.20,-1.3%,14.85,"5,900",14.9,"67,800",14.95,"138,500",15,14.6,"191,300",400,"21,600","24,791,086"
HAR,6.79,5.91,6.35,6.38,"3,900",6.4,"16,000",6.42,"13,200",6.42,500,0.07,1.1%,6.44,"50,000",6.45,"92,600",6.46,"60,100",6.48,6.31,"1,275,300","37,600",,"48,944,996"
HAS,15.6,13.6,14.6,,,13.6,100,15.6,"3,100",15.6,200,1.00,6.8%,,,,,,,15.6,15.6,"13,200",,,"2,537,836"
HAX,24,20.9,22.45,22.75,"8,700",22.8,"4,900",22.85,"10,600",22.9,"7,200",0.45,2.0%,22.9,"3,700",22.95,900,23,"10,800",23.1,22.3,"274,100",,,"13,237,294"
HBC,20.3,17.7,19,19.1,"247,900",19.15,"100,800",19.2,"75,400",19.25,"3,000",0.25,1.3%,19.25,"172,300",19.3,"271,100",19.35,"102,300",19.4,19,"2,920,500","16,000","22,900","78,611,107"
HCD,5.11,4.45,4.78,5.07,700,5.1,"6,800",5.11,"713,300",5.11,"1,200",0.33,6.9%,,,,,,,5.11,5.11,"1,273,100",,300,"13,165,360"
HCM,35.35,30.75,33.05,33.65,"12,300",33.7,"69,900",33.75,"24,300",33.8,"2,300",0.75,2.3%,33.8,"90,800",33.85,"35,100",33.9,"39,100",33.8,33,"2,527,600","325,200",,"163,879,016"
HDB,30,26.1,28.05,27.85,"24,400",27.9,"264,600",27.95,"34,400",28,"9,600",-0.05,-0.2%,28,"7,500",28.05,"120,700",28.1,"385,800",28.15,27.9,"1,978,800","290,500","518,600","74,850,417"
HDC,47.7,41.5,44.6,44.3,"21,400",44.4,"11,600",44.45,"14,200",44.5,100,-0.10,-0.2%,44.5,"8,900",44.55,"22,400",44.6,"49,100",44.7,44.4,"336,600",,"8,200","28,776,328"
HDG,46.5,40.5,43.5,43.35,"64,600",43.4,"32,500",43.45,"27,800",43.5,"1,500",0.00,0.0%,43.5,"10,000",43.55,"9,900",43.6,"11,500",43.65,43.4,"441,700","15,000","10,500","59,273,010"
HHP,17.4,15.2,16.3,15.95,"2,000",16,"4,500",16.05,"2,000",16.1,300,-0.20,-1.2%,16.1,"1,700",16.15,"1,200",16.2,"1,600",16.35,16.1,"164,800",,"3,600","8,427,730"
HHS,8.34,7.26,7.8,7.73,"8,600",7.74,"1,000",7.75,"15,200",7.75,"1,000",-0.05,-0.6%,7.76,"57,300",7.77,"131,000",7.78,"1,400",7.79,7.68,"3,571,400",,"129,000","128,241,247"
HID,5.05,4.39,4.72,4.72,"32,800",4.73,"24,700",4.74,"3,000",4.75,"3,200",0.03,0.6%,4.75,"26,100",4.76,"21,500",4.77,"30,000",4.75,4.71,"282,700",,,"28,483,089"
HII,22.95,19.95,21.45,21,"7,500",21.1,"7,800",21.2,"24,800",21.3,"2,500",-0.15,-0.7%,21.3,"2,000",21.4,"13,600",21.45,"7,500",21.45,21.3,"89,700",200,,"15,257,738"
HMC,19.4,16.9,18.15,17.75,500,17.8,"12,100",17.9,"5,100",18,900,-0.15,-0.8%,18.15,"1,700",18.2,"5,700",18.3,"1,000",18.15,18,"18,300",,,"10,075,920"
HNG,12.8,11.2,12,12,"1,111,300",12.05,"267,700",12.1,"339,500",12.15,"1,000",0.15,1.3%,12.15,"195,800",12.2,"1,221,900",12.25,"357,300",12.2,11.95,"7,828,100",400,,"540,353,908"
HOT,40.65,35.35,38,,,,,36,"3,600",40,200,2.00,5.3%,40,400,40.65,"1,900",,,40,37,"1,400",,,"3,918,780"
HPG,52.8,45.9,49.35,49.45,"157,600",49.5,"123,900",49.55,"10,300",49.55,300,0.20,0.4%,49.6,"391,500",49.65,"130,900",49.7,"137,500",49.6,49.05,"6,272,400","754,000","590,100","614,494,899"
HPX,38,33.1,35.55,35.45,"1,300",35.5,"1,600",35.6,"4,600",35.6,500,0.05,0.1%,35.7,"3,100",35.75,"9,300",35.8,"11,500",35.7,35,"633,500",,,"92,700,756"
HQC,3.8,3.32,3.56,3.77,"137,600",3.78,"32,100",3.79,"4,900",3.79,"5,100",0.23,6.5%,3.8,"4,368,500",,,,,3.8,3.56,"11,266,200","162,200","3,200","228,944,049"
HRC,55.8,48.55,52.2,,,48.55,200,55.8,800,55.8,100,3.60,6.9%,,,,,,,55.8,55.8,100,,,"14,602,111"
HSG,31.6,27.5,29.55,29.85,"60,600",29.9,"116,000",29.95,"156,500",30,"1,500",0.45,1.5%,30,"1,048,700",30.05,"120,000",30.1,"63,400",30,29.5,"4,152,600","121,100","448,800","185,401,847"
HSL,8.5,7.4,7.95,7.7,"6,500",7.71,"2,100",7.8,100,7.9,800,-0.05,-0.6%,7.9,"7,200",7.95,"4,900",7.96,"2,400",7.96,7.7,"89,100",,"1,800","15,815,019"
HT1,19.95,17.35,18.65,18.35,"21,400",18.4,"12,200",18.45,"8,500",18.5,200,-0.15,-0.8%,18.5,"2,300",18.55,"11,700",18.6,"10,200",18.65,18.3,"588,500","2,000","13,300","174,909,871"
HTI,20.3,17.7,19,18.8,"2,200",18.9,"3,500",19,"6,300",19.3,300,0.30,1.6%,19.3,200,19.35,"1,200",19.4,"5,000",19.3,18.9,"26,800",200,,"8,446,778"
HTL,20.3,17.7,19,17.75,"1,300",18,"1,100",18.1,500,19.3,100,0.30,1.6%,19.3,"3,500",19.5,100,20.3,"2,000",19.3,19.3,100,100,,"496,251"
HTN,48.15,41.85,45,44.6,"11,400",44.65,"2,100",44.7,800,44.75,100,-0.25,-0.6%,44.75,"1,000",44.8,"2,100",44.9,200,45,44.6,"13,600",,,"16,028,406"
HTV,16.75,14.65,15.7,14.95,100,15,200,15.1,400,15.8,500,0.10,0.6%,15.8,"1,000",15.9,"5,000",15.95,300,15.8,15.7,"1,000",,,"4,450,787"
HU1,10.5,9.16,9.84,9.51,"3,000",9.52,"3,000",9.8,100,10.05,500,0.21,2.1%,10.05,"2,100",10.1,"1,800",10.2,"3,000",10.1,9.41,"1,300",,,"4,531,770"
HU3,8.88,7.72,8.3,8.2,300,8.25,200,8.28,200,8.3,"3,500",0.00,0.0%,8.5,"1,500",8.69,800,8.7,"2,100",8.3,8.3,"5,000",,,"4,432,233"
HUB,26.75,23.25,25,25.1,"1,000",25.2,"2,700",25.25,"1,000",25.3,"1,000",0.30,1.2%,25.4,"1,000",25.5,"5,000",25.85,200,25.3,25,"13,000",100,,"8,490,334"
HVH,13.45,11.75,12.6,12.1,"25,100",12.15,"17,000",12.2,"5,700",12.3,"4,100",-0.30,-2.4%,12.3,"2,900",12.4,"10,500",12.45,"13,000",12.45,12.1,"279,800",900,800,"10,495,212"
HVN,35.6,31,33.3,33.05,"7,500",33.1,"34,600",33.15,"52,800",33.15,200,-0.15,-0.5%,33.2,"6,600",33.25,"16,900",33.3,"74,300",33.4,33.15,"340,800","6,300","18,900","294,569,057"
HVX,5.11,4.45,4.78,5.08,"1,000",5.1,"5,000",5.11,"63,500",5.11,"1,000",0.33,6.9%,,,,,,,5.11,5.11,"35,000",,,"19,236,901"
IBC,27.35,23.85,25.6,25.15,"1,600",25.2,300,25.3,700,25.4,800,-0.20,-0.8%,25.4,"3,000",25.5,"7,600",25.8,"3,000",25.65,25.1,"108,700","2,700",,"24,716,140"
ICT,23.8,20.7,22.25,22,"18,500",22.05,100,22.1,"2,000",22,300,-0.25,-1.1%,22.3,"2,200",22.35,"7,700",22.4,"6,200",22.4,22,"64,900","2,100",,"32,038,440"
IDI,8.21,7.15,7.68,7.57,"28,500",7.58,"35,400",7.59,"12,600",7.6,"3,000",-0.08,-1.0%,7.6,"44,200",7.61,100,7.62,"5,000",7.6,7.45,"1,831,700","1,400","26,300","109,884,381"
IJC,31.1,27.1,29.1,29.2,"68,500",29.25,"142,500",29.3,"172,900",29.35,100,0.25,0.9%,29.35,"48,700",29.4,"97,900",29.45,"95,700",29.45,28.85,"2,850,300",,"23,800","104,152,477"
ILB,28.75,25.05,26.9,26.9,"14,000",27,"11,500",27.1,600,27,100,0.10,0.4%,27.2,500,27.4,"10,300",27.5,"6,600",27.5,26.9,"27,400",,,
IMP,77.6,67.6,72.6,72.1,"1,100",72.2,"1,300",72.6,"17,500",72.8,100,0.20,0.3%,72.8,"8,200",72.9,"12,800",73,"3,800",73.2,72.6,"83,100",,,69
ITA,8,6.96,7.48,7.47,"124,600",7.48,"58,000",7.49,"69,100",7.49,"2,500",0.01,0.1%,7.5,"281,400",7.51,"158,800",7.52,"250,900",7.55,7.42,"6,722,000","38,900","113,600","399,524,310"
ITC,18.4,16,17.2,17.2,"4,800",17.3,"4,000",17.35,"4,000",17.4,100,0.20,1.2%,17.4,"1,800",17.45,"5,300",17.5,"10,600",17.5,17.3,"23,100",,,"38,697,083"
ITD,14.2,12.4,13.3,13.15,"13,300",13.2,"6,500",13.25,"3,000",13.3,500,0.00,0.0%,13.3,400,13.4,"8,300",13.5,"25,800",13.3,13.15,"35,400",100,,"9,159,341"
JVC,5.79,5.05,5.42,5.19,"36,700",5.2,"26,600",5.21,100,5.2,400,-0.22,-4.1%,5.24,"7,100",5.25,"3,800",5.28,100,5.31,5.05,"7,047,600","8,200","2,100","40,275,948"
KBC,41.1,35.8,38.45,39.6,"42,200",39.65,"2,200",39.7,"3,500",39.7,300,1.25,3.3%,39.75,"35,200",39.8,"120,400",39.85,"121,800",39.95,38.8,"5,236,000","248,100","64,700","129,067,063"
KDC,56.4,49.15,52.8,51.9,"3,800",52,"5,000",52.1,"3,100",52.8,200,0.00,0.0%,52.8,"8,800",52.9,"67,300",53,"83,100",53,52,"1,021,800","3,100","15,600","207,740,323"
KDH,33.55,29.25,31.4,31.85,"1,900",31.9,"68,800",31.95,"8,300",31.95,600,0.55,1.8%,32,"91,800",32.05,"57,600",32.1,"80,700",32.1,31.7,"938,400","9,100","236,500","89,022,242"
KHP,7.91,6.89,7.4,7.55,"1,500",7.59,"1,400",7.6,"5,000",7.6,100,0.20,2.7%,7.7,"1,000",7.79,"2,000",7.8,"1,100",7.84,7.4,"199,200","20,000","101,000","22,032,677"
KMR,4.22,3.68,3.95,3.89,"10,500",3.9,"68,000",3.91,800,3.94,100,-0.01,-0.3%,3.94,"3,700",3.95,"12,100",3.96,"5,000",3.95,3.8,"245,100",,"4,000","21,157,180"
KOS,26.6,23.2,24.9,24.6,"1,600",24.7,"5,000",24.75,"5,000",24.75,"2,000",-0.15,-0.6%,24.9,"1,000",24.95,"3,400",25,"8,300",25.2,24.7,"289,900",300,,"80,369,656"
KPF,14.1,12.3,13.2,12.7,"6,900",12.75,700,12.8,"9,600",12.8,100,-0.40,-3.0%,13,"4,700",13.1,"11,300",13.2,"13,200",13.2,12.8,"9,900",,,"8,822,963"
KSB,34.4,29.9,32.15,31.8,"27,200",31.85,"52,400",31.9,"10,500",32,"1,000",-0.15,-0.5%,31.95,"4,000",32,"43,400",32.1,"23,800",32.3,31.8,"570,500",800,"84,300","27,373,414"
L10,21.1,18.4,19.75,,,,,18.4,100,,,,,20.4,"1,200",20.5,500,20.75,"2,700",,,,,,"4,754,613"
LAF,16.65,14.55,16.5,,,,,,,,,,,,,,,,,,,,,,
LBM,62.3,54.3,58.3,,,54.5,300,54.6,300,58.4,100,0.10,0.2%,58.4,"4,700",58.5,"1,200",58.9,100,58.4,58.2,600,100,,"3,948,301"
LCG,16.55,14.45,15.5,15.3,"72,500",15.35,"127,700",15.4,"117,100",15.45,100,-0.05,-0.3%,15.45,"38,800",15.5,"299,200",15.55,"83,800",15.5,15.35,"947,100",,"2,400","54,816,847"
LCM,2.48,2.16,2.32,,,,,,,,,,,,,,,,,,,,,,"9,966,660"
LDG,9,7.84,8.42,8.49,"24,200",8.5,"15,400",8.51,"12,800",8.52,600,0.10,1.2%,8.52,"20,300",8.53,"82,300",8.54,"88,600",8.54,8.38,"3,973,900",,,"114,691,298"
LEC,14.65,12.75,13.7,12.8,100,13,"3,000",13.5,100,13.7,100,0.00,0.0%,13.7,"3,200",13.8,500,13.9,400,13.7,13.7,800,,,"12,787,838"
LGC,71.5,62.3,66.9,62.4,100,62.6,200,62.7,300,65,200,-1.90,-2.8%,65,300,66.7,100,66.8,200,65,65,200,,,"7,736,135"
LGL,7.75,6.75,7.25,7.01,"8,000",7.02,200,7.03,"3,000",7.03,200,-0.22,-3.0%,7.2,"17,100",7.24,"7,000",7.25,"2,800",7.2,6.97,"84,100",,,"24,106,421"
LHG,37.3,32.5,34.9,34.4,"1,100",34.5,"4,800",34.6,"4,600",34.8,100,-0.10,-0.3%,34.75,100,34.8,"6,200",34.85,"2,700",34.9,34.5,"79,500","6,300","1,900","21,104,351"
LIX,63.6,55.4,59.5,58.6,"5,000",58.7,300,58.8,100,58.8,100,-0.70,-1.2%,59,"1,500",59.5,200,59.8,"2,100",59,58.6,"34,000",100,400,"12,535,895"
LM8,11.8,10.3,11.05,11.1,"3,300",11.15,100,11.25,"5,500",11.3,100,0.25,2.3%,11.3,"3,100",11.35,500,11.4,700,11.3,11.1,"4,400",,,"4,434,709"
LPB,18.7,16.3,17.5,18,"786,800",18.05,"480,800",18.1,"411,600",18.15,300,0.65,3.7%,18.15,"239,700",18.2,"422,800",18.25,"277,300",18.4,17.4,"13,145,500",,"852,600",40
LSS,14.3,12.5,13.4,13.35,"46,800",13.4,"86,600",13.45,"12,800",13.5,100,0.10,0.7%,13.5,"14,600",13.55,"52,400",13.6,"50,000",13.55,13.4,"368,600","12,200",500,"32,772,703"
MBB,33.35,29.05,31.2,31.2,"277,400",31.25,"203,700",31.3,"375,600",31.35,100,0.15,0.5%,31.35,"82,300",31.4,"244,900",31.45,"148,900",31.4,30.85,"11,113,300","180,100","146,200","8,475,108"
MCG,4.13,3.59,3.86,3.96,200,3.99,200,4,"1,800",4.01,"3,000",0.15,3.9%,4.01,"3,000",4.05,"10,400",4.1,"40,400",4.01,3.86,"124,500","26,600",,"25,432,446"
MCP,34.05,29.65,31.85,,,,,29.65,100,,,,,31.85,500,34,300,,,,,,,,"7,355,956"
MDG,12.9,11.3,12.1,11.8,600,11.95,200,12.2,"2,900",12.2,400,0.10,0.8%,12.8,"3,300",,,,,12.55,12.2,500,,,"5,335,625"
MHC,9.41,8.19,8.8,8.77,"31,500",8.78,"7,700",8.79,"12,200",8.8,100,0.00,0.0%,8.8,"27,000",8.85,400,8.9,"15,800",8.8,8.7,"50,400","3,700",,"19,539,614"
MIG,18.55,16.15,17.35,17.3,"16,400",17.35,"21,100",17.4,"6,000",17.45,300,0.10,0.6%,17.45,"6,700",17.5,"73,700",17.55,"1,600",17.5,17.35,"135,000","4,100",,"61,555,824"
MSB,23.55,20.55,22.05,21.85,"129,400",21.9,"165,200",21.95,"140,300",22,"3,000",-0.05,-0.2%,22,"288,500",22.05,"484,100",22.1,"227,500",22.05,21.75,"4,724,400","2,300","3,500",69
MSH,53.8,46.8,50.3,50.1,"2,500",50.3,"7,500",50.4,"2,000",50.8,100,0.50,1.0%,50.8,300,50.9,"2,000",51,"5,700",50.8,50.3,"14,900",,,"21,489,506"
MSN,99.5,86.5,93,92.2,"6,800",92.3,"8,700",92.4,"2,200",92.5,"8,600",-0.50,-0.5%,92.5,"13,400",92.6,"11,300",92.7,"10,300",92.8,91.6,"599,300","374,300","100,000","194,996,535"
MWG,143.3,124.7,134,132.7,"7,600",132.8,"10,400",132.9,"13,200",133,"1,000",-1.00,-0.7%,133,"6,900",133.1,"32,900",133.2,"31,900",134,132.9,"175,900",,,
NAF,21.3,18.6,19.95,19.75,"2,000",19.8,"7,300",19.85,"4,200",19.85,100,-0.10,-0.5%,19.95,"5,700",20,"80,900",20.05,"2,500",20,19.85,"4,500",,,"44,399,292"
NAV,20.75,18.05,19.4,,,18.65,100,19.3,100,19.4,100,0.00,0.0%,19.55,"8,000",20.35,100,20.6,500,19.55,19.4,"1,700",,,"3,847,510"
NBB,31.5,27.4,29.45,27.45,100,27.5,"3,000",28.5,200,29.45,"3,000",0.00,0.0%,29.45,"11,200",29.5,"5,000",29.55,"3,000",29.45,29.45,"4,900",,"4,900","48,255,111"
NCT,76.9,66.9,71.9,71.7,"5,500",71.8,"1,200",71.9,"2,400",72,100,0.10,0.1%,72,"3,500",72.1,200,72.2,600,72,71.8,"5,100",300,,"10,459,692"
NHA,42.8,37.2,40,40.5,"5,200",40.6,"2,000",40.8,"1,000",40.9,"1,800",0.90,2.3%,40.9,700,41,"10,900",41.1,"1,000",40.9,40,"73,500",,"1,000","11,487,612"
NHH,67.4,58.6,63,62.7,"2,100",62.8,"1,600",62.9,700,62.9,500,-0.10,-0.2%,63,"2,400",63.1,"1,500",63.2,"1,300",63,62.7,"94,200","3,500",,"36,311,595"
NKG,26.05,22.65,24.35,24.35,"58,200",24.4,"105,400",24.45,"10,100",24.45,100,0.10,0.4%,24.5,"306,700",24.55,"52,500",24.6,"88,600",24.5,24.2,"1,595,400","45,400","49,300","159,344,549"
NLG,37.2,32.4,34.8,34.6,"49,600",34.65,"41,700",34.7,"10,800",34.75,100,-0.05,-0.1%,34.8,"33,700",34.85,"11,600",34.9,"41,200",34.85,34.6,"372,800","3,000","85,500","8,124,074"
NNC,36.8,32,34.4,34,"10,100",34.05,100,34.1,800,34.2,100,-0.20,-0.6%,34.25,200,34.3,"2,600",34.35,"5,600",34.4,34,"62,100","8,000","1,800","8,252,890"
NT2,23.8,20.7,22.25,22.15,"45,200",22.2,"64,100",22.25,"46,500",22.25,"6,000",0.00,0.0%,22.3,"22,700",22.35,"41,800",22.4,"45,400",22.3,22.05,"520,100","154,400","160,700","96,428,030"
NTL,30.45,26.55,28.5,28.2,"11,000",28.25,"7,300",28.3,"12,900",28.3,300,-0.20,-0.7%,28.35,"8,200",28.4,"12,200",28.45,"16,000",28.6,28.2,"281,200","2,500","14,000","26,550,835"
NVL,95,82.6,88.8,88.1,"20,200",88.2,"15,800",88.4,"5,200",88.4,"1,000",-0.40,-0.5%,88.7,"9,000",88.8,"40,800",88.9,"1,500",88.8,87.7,"990,400","215,500","8,500","313,283,307"
NVT,10.55,9.21,9.9,9.65,100,9.66,200,9.67,"1,000",9.67,200,-0.23,-2.3%,9.68,"1,100",9.7,"27,900",9.79,100,9.7,9.21,"58,200",,,"90,397,980"
OCB,26.45,23.05,24.75,24.65,"148,400",24.7,"211,700",24.75,"50,500",24.8,"1,500",0.05,0.2%,24.8,"71,000",24.85,"75,500",24.9,"176,500",24.9,24.65,"1,526,600","23,000",,"18,653,639"
OGC,8.41,7.31,7.86,7.7,"97,400",7.71,"4,900",7.72,"28,900",7.73,"1,000",-0.13,-1.7%,7.73,"1,000",7.76,"21,700",7.77,"2,000",7.85,7.65,"1,348,900","2,000","12,500","145,960,642"
OPC,67.4,58.6,63,59.1,100,59.2,100,59.3,200,63,100,0.00,0.0%,62,100,62.8,200,62.9,200,63,63,200,,,"11,683,178"
PAC,33.15,28.85,31,30,"6,900",30.2,200,31,"3,600",31,200,0.00,0.0%,31.1,"1,000",31.2,"1,000",31.5,"1,400",31,30.8,"4,000",,400,"16,239,950"
PAN,31.35,27.25,29.3,29.95,"41,400",30,"45,000",30.05,"35,000",30.1,"1,300",0.80,2.7%,30.1,"33,600",30.15,"5,500",30.2,"21,100",30.1,29.3,"1,617,300","14,100","4,200","26,056,629"
PC1,29.5,25.7,27.6,27.4,"37,400",27.45,"22,200",27.5,"25,600",27.5,"2,000",-0.10,-0.4%,27.6,"8,000",27.7,"8,600",27.8,"17,200",27.9,27.4,"158,500",,"10,200","71,067,604"
PDN,91.3,79.5,85.4,79.8,100,80.6,500,81,500,85.4,100,0.00,0.0%,85.3,300,85.4,100,88.5,100,85.4,85.4,100,100,,"8,990,213"
PDR,73.5,63.9,68.7,68.5,"7,600",68.6,"7,900",68.7,"6,800",68.7,300,0.00,0.0%,68.8,"5,400",68.9,"37,400",69,"7,000",69,67.8,"1,352,500","128,300","24,700","202,338,156"
PET,24.8,21.6,23.2,23.25,"29,400",23.3,"89,700",23.35,"71,700",23.4,"2,000",0.20,0.9%,23.4,"32,100",23.45,"40,600",23.5,"87,100",23.6,23.25,"1,490,200","46,500","82,600","38,686,506"
PGC,19.45,16.95,18.2,18.15,"16,500",18.2,"9,500",18.3,"2,800",18.4,"1,500",0.20,1.1%,18.4,"13,600",18.45,500,18.5,"2,100",18.4,18.1,"20,000",,,"27,588,019"
PGD,32.6,28.4,30.5,29.9,"1,000",30.05,100,30.2,"1,000",,,,,30.45,700,30.55,500,30.6,200,,,,,,"1,931,237"
PGI,21.4,18.6,20,19.6,"2,000",19.8,"3,000",19.9,"5,000",20,700,0.00,0.0%,20,300,20.1,"1,000",20.2,"1,000",20,20,"6,500",,,"25,110,983"
PHC,14.25,12.45,13.35,13.05,"16,500",13.15,"14,900",13.2,"6,200",13.25,500,-0.10,-0.7%,13.25,500,13.3,"2,500",13.35,"15,700",13.35,13.15,"99,300",,"8,500","12,577,979"
PHR,63.8,55.6,59.7,59.8,"7,100",59.9,"3,100",60,"4,100",60.2,300,0.50,0.8%,60.1,200,60.2,"4,800",60.3,"20,700",60.4,59.7,"243,100","30,300",300,"46,310,553"
PIT,6.93,6.03,6.48,6.35,100,6.38,100,6.4,500,6.4,200,-0.08,-1.2%,6.45,500,6.48,700,6.49,500,6.48,6.4,"1,900",,,"7,334,824"
PJT,13.55,11.85,12.7,12.2,"12,600",12.25,"3,100",12.3,500,12.25,500,-0.45,-3.5%,12.9,"2,600",13,100,13.1,"2,200",13.5,12.2,"7,200",,,"7,169,711"
PLP,11.6,10.1,10.85,10.7,"26,700",10.75,"24,600",10.8,"37,000",10.85,100,0.00,0.0%,10.85,"36,300",10.9,"22,400",10.95,"45,300",11,10.8,"165,000",,,"18,312,025"
PLX,59.8,52,55.9,55.9,"43,400",56,"17,900",56.1,"12,700",56.2,100,0.30,0.5%,56.2,"23,600",56.3,"51,600",56.4,"5,500",56.2,55.7,"348,600","123,300","23,000","47,434,120"
PME,80.2,69.8,75,74.7,"1,000",74.9,"1,100",75,"1,500",78,100,3.00,4.0%,80,"2,100",80.2,"1,200",,,78,77.5,"1,200",,,"7,798,563"
PMG,41.2,35.9,38.55,,,,,,,35.9,400,-2.65,-6.9%,35.9,"38,500",38,300,38.55,"1,400",35.9,35.9,"2,700",,500,"11,085,913"
PNC,10.7,9.3,10,9.4,100,9.5,"3,000",10,"1,700",10,300,0.00,0.0%,10.1,200,10.3,200,10.4,"1,200",10,9.3,500,,,"5,321,190"
PNJ,94.6,82.4,88.5,89.5,"14,900",89.6,"1,500",90,"2,400",90.1,200,1.60,1.8%,90.1,100,90.2,700,90.3,"7,100",90.1,88,"258,000",,,5
POM,18,15.7,16.85,16.5,"34,900",16.55,"19,600",16.6,"20,100",16.65,300,-0.20,-1.2%,16.65,"8,500",16.7,"4,600",16.75,"2,500",16.85,16.55,"71,500",,,"114,886,291"
POW,14.75,12.85,13.8,13.75,"295,700",13.8,"699,800",13.85,"424,200",13.9,100,0.10,0.7%,13.9,"759,300",13.95,"1,067,000",14,"2,714,200",13.9,13.8,"7,042,900","289,800","88,400","1,058,845,989"
PPC,29.85,25.95,27.9,27.85,"10,900",27.9,"21,900",27.95,"7,200",28,200,0.10,0.4%,28,"52,300",28.05,"51,200",28.1,"21,300",28.1,27.7,"301,700","45,100","12,100","112,136,109"
PSH,21.45,18.65,20.05,19.9,"4,900",19.95,"5,800",20,"3,800",20.05,600,0.00,0.0%,20.05,"2,500",20.1,"4,500",20.15,"6,100",20.05,20,"55,400",,,
PTB,91.6,79.8,85.7,85,"1,400",85.1,500,85.2,100,85.3,500,-0.40,-0.5%,85.4,"4,200",85.5,"4,900",85.7,"1,400",85.9,84.7,"19,000",100,600,"15,227,588"
PTC,9.73,8.47,9.1,9.1,"1,200",9.15,400,9.2,500,,,,,9.68,100,,,,,,,,,,"8,767,185"
PTL,6.45,5.61,6.03,6.04,"2,800",6.09,"1,300",6.1,"3,600",6.18,"3,200",0.15,2.5%,6.18,"3,900",6.19,"1,300",6.2,"8,700",6.2,6.09,"61,300",,"5,000","48,842,956"
PVD,24.5,21.3,22.9,22.6,"503,600",22.65,"179,500",22.7,"102,400",22.75,900,-0.15,-0.7%,22.75,"69,700",22.8,"120,300",22.85,"109,500",22.9,22.6,"5,969,000","63,400",,"176,367,670"
PVT,18.9,16.5,17.7,17.85,"133,400",17.9,"295,500",17.95,"121,400",17.95,"1,100",0.25,1.4%,18,"534,400",18.05,"68,800",18.1,"125,500",18,17.7,"3,208,100","27,600","60,800","118,370,756"
PXI,4.28,3.72,4,3.9,"10,000",4,"8,400",4.1,"2,400",4.1,100,0.10,2.5%,4.15,"4,400",4.2,"16,600",4.23,"2,000",4.2,4,"124,700",,,"14,566,390"
PXS,8.34,7.26,7.8,7.88,"1,000",7.9,"6,200",7.91,"19,800",8,"4,100",0.20,2.6%,7.92,"2,800",7.93,"9,400",7.94,200,8,7.8,"495,900","1,700",,"22,585,992"
PXT,3.4,2.96,3.18,3.37,"1,700",3.38,"1,100",3.4,"329,300",3.4,300,0.22,6.9%,,,,,,,3.4,3.4,"432,500","4,500",,"9,661,960"
QBS,5.02,4.38,4.7,4.43,"1,000",4.44,"1,600",4.45,"12,700",4.45,300,-0.25,-5.3%,4.5,"6,400",4.52,"8,500",4.59,"5,800",4.65,4.39,"1,062,200",,,
QCG,9.72,8.46,9.09,9.7,"8,000",9.71,"18,100",9.72,"274,200",9.72,"1,500",0.63,6.9%,,,,,,,9.72,9.09,"2,725,200","15,000","2,000","133,296,568"
RAL,232.6,202.2,217.4,223,200,224,200,224.1,100,225,200,7.60,3.5%,225,"1,000",226,700,226.8,300,225,217.4,"13,900",100,600,"5,387,134"
RDP,10.95,9.54,10.25,9.9,"7,000",9.95,"4,100",10,"6,800",10.2,100,-0.05,-0.5%,10.2,"3,800",10.25,"25,000",10.3,"5,600",10.25,9.9,"29,900",,,"19,931,276"
REE,56.4,49.15,52.8,52.6,"34,400",52.7,"56,200",52.8,"15,500",52.9,700,0.10,0.2%,52.9,"23,500",53,"55,100",53.1,"21,900",53,52.7,"277,700",,,
RIC,28.5,24.8,26.65,,,,,,,24.8,100,-1.85,-6.9%,24.8,"140,300",25,400,26,500,24.8,24.8,"16,800",,,"4,991,018"
ROS,5.66,4.92,5.29,5.63,"137,000",5.64,"612,600",5.65,"655,400",5.66,"27,000",0.37,7.0%,5.66,"4,008,700",,,,,5.66,5.4,"41,761,300","478,000","29,100","264,686,695"
S4A,28.35,24.65,26.5,26.3,300,26.4,"2,000",26.5,100,26.5,"5,000",0.00,0.0%,27.2,"1,900",28,"39,900",,,26.5,26.5,"5,000",,,"20,654,720"
SAB,186.1,161.9,174,175,"4,700",175.1,"2,900",175.2,200,175.2,100,1.20,0.7%,175.3,"2,300",175.5,"6,500",175.8,"1,900",175.3,174,"122,100","90,400","127,600","237,108,229"
SAM,12.85,11.25,12.05,12,"39,900",12.05,"36,500",12.1,"26,600",12.1,500,0.05,0.4%,12.15,"68,100",12.2,"119,200",12.25,"8,000",12.15,12.05,"354,900","10,300","16,000","168,685,856"
SAV,47.05,40.95,44,46.9,"1,000",47,"5,800",47.05,"24,400",47.05,300,3.05,6.9%,,,,,,,47.05,44.55,"48,900","2,200",,"832,709"
SBA,17.2,15,16.1,15.85,400,15.9,"10,000",15.95,"4,300",16.1,"5,000",0.00,0.0%,16.2,"7,900",16.3,"3,800",16.5,"4,900",16.2,16.1,"8,200",,,"29,602,567"
SBT,24.2,21.1,22.65,22.35,"49,900",22.4,"77,400",22.45,"91,500",22.5,400,-0.15,-0.7%,22.5,"9,600",22.55,"14,400",22.6,"79,000",22.65,22.4,"1,460,700","185,800","31,000","566,837,646"
SBV,18.5,16.1,17.3,16.8,"1,000",16.9,"1,200",17,"1,000",17.1,600,-0.20,-1.2%,17.1,"5,900",17.2,"19,400",17.3,"3,300",17.2,16.7,"73,300",,,"9,285,734"
SC5,22.45,19.55,21,20,700,20.05,"2,200",22.2,700,22.2,100,1.20,5.7%,22.25,100,22.3,900,22.45,200,22.3,22.2,600,,,"6,695,373"
SCD,24.6,21.4,23,21.5,300,22.6,700,22.65,400,,,,,23.4,500,23.65,200,23.7,600,,,,,,"3,513,220"
SCR,9.42,8.2,8.81,9.14,"7,500",9.15,"131,800",9.16,"48,800",9.16,200,0.35,4.0%,9.17,"52,400",9.18,"17,500",9.19,"92,500",9.22,8.92,"7,832,400","22,800",,"175,533,859"
SCS,140,121.8,130.9,130.7,"6,200",130.8,"6,100",130.9,"9,000",131,300,0.10,0.1%,131,"2,000",131.1,"3,600",131.2,"2,600",131,130.9,"9,400","72,600","73,500","13,378,015"
SFC,24.8,21.6,23.2,21.6,"1,200",21.7,100,22.5,"1,000",,,,,24.8,100,,,,,,,,,,"5,440,243"
SFG,10.45,9.1,9.78,9.26,200,9.3,"3,800",9.35,"8,800",9.77,200,-0.01,-0.1%,9.77,"6,000",9.8,"34,500",9.9,"1,800",9.77,9.23,"8,100",,,"23,120,022"
SFI,43.3,37.7,40.5,38.6,100,39,900,39.1,400,39.1,400,-1.40,-3.5%,39.9,"3,500",40,"4,100",40.1,"2,900",40,39.1,"5,300",,,"5,873,825"
SGN,75.3,65.5,70.4,69.5,"9,200",70,"6,200",70.1,"5,100",70.3,100,-0.10,-0.1%,70.3,100,70.4,"9,500",70.5,"1,500",70.4,70.1,"7,400",,"1,300","9,332,397"
SGR,34.95,30.45,32.7,32.9,700,33,900,33.1,100,33,"2,000",0.30,0.9%,33.5,"9,100",33.6,"5,300",33.8,"1,000",33.9,33,"43,900",500,,"29,393,825"
SGT,16.9,14.7,15.8,15.5,"10,400",15.55,"5,000",15.6,"6,500",15.6,"3,000",-0.20,-1.3%,16.15,"1,700",16.2,"6,500",16.3,"7,100",15.8,15.5,"10,700",,,"26,356,893"
SHA,6.79,5.91,6.35,6.16,"7,700",6.2,"21,000",6.21,"14,000",6.25,"1,400",-0.10,-1.6%,6.25,"3,000",6.3,"2,000",6.35,800,6.25,6.16,"68,400",,,"15,369,959"
SHI,16.65,14.55,15.6,15.4,500,15.5,"7,800",15.55,"20,800",15.55,"1,100",-0.05,-0.3%,15.6,400,15.7,"1,000",15.75,"2,100",15.7,15.5,"344,700",,"2,400","44,166,627"
SHP,24.15,21.05,22.6,21.8,"7,000",21.9,"10,000",22,"10,900",22.6,"1,000",0.00,0.0%,23,200,23.2,300,23.5,200,22.6,22.6,"1,000",,,"41,200,424"
SII,20,17.4,18.7,,,,,17.8,100,18,100,-0.70,-3.7%,18,"1,900",18.6,900,18.7,100,20,18,200,,,"29,333"
SJD,18.65,16.25,17.45,17.4,"32,200",17.45,"38,900",17.5,"11,800",17.6,300,0.15,0.9%,17.6,500,17.65,"2,700",17.7,"15,200",17.6,17.5,"47,900",,,"18,040,817"
SJF,3.95,3.45,3.7,3.85,"44,200",3.86,"9,500",3.87,800,3.88,100,0.18,4.9%,3.89,"86,600",3.9,"90,200",3.92,"8,000",3.89,3.5,"2,331,500","21,200",400,"37,956,966"
SJS,43.75,38.05,40.9,43,"1,400",43.1,700,43.15,900,43.2,"1,000",2.30,5.6%,43.5,"19,900",43.6,"6,600",43.65,"16,500",43.5,40.9,"203,300","1,800",,"54,819,871"
SKG,15.05,13.15,14.1,13.95,"18,000",14,"12,100",14.05,"8,000",14.1,100,0.00,0.0%,14.1,"25,500",14.15,"12,200",14.2,"39,100",14.1,13.9,"155,500","4,000",,"3,267,113"
SMA,8.88,7.72,8.3,8.25,100,8.3,"2,000",8.35,800,8.35,600,0.05,0.6%,8.39,100,8.42,300,8.65,700,8.35,8.3,"4,300",,,"9,960,606"
SMB,46.75,40.65,43.7,43.3,"2,000",43.4,"1,000",43.5,"3,000",43.7,100,0.00,0.0%,43.7,"5,900",43.75,"1,200",44.05,"1,100",43.7,43.5,"9,200",,"3,700","10,723,336"
SMC,33.5,29.2,31.35,31.05,"5,000",31.1,"6,100",31.2,"3,000",31.25,300,-0.10,-0.3%,31.25,"7,700",31.3,"6,300",31.35,"20,300",31.35,31,"112,500","6,900","28,000","11,299,169"
SPM,13.9,12.1,13,12.4,"1,100",12.8,100,12.9,300,13.3,200,0.30,2.3%,13.5,800,13.8,"3,100",13.9,"2,800",13.3,13,"3,400",,,"6,457,350"
SRC,23.4,20.4,21.9,21.6,"2,300",21.7,500,21.8,100,21.9,200,0.00,0.0%,21.9,300,22,600,22.4,"1,100",22.5,21.7,"7,500",,,"13,728,034"
SRF,14.4,12.6,13.5,12.9,200,13,"1,900",13.05,"1,200",13,100,-0.50,-3.7%,13.45,"1,000",13.5,"6,700",13.6,"2,700",13.5,13,"4,800",,,"679,806"
SSB,29.5,25.7,27.6,27.1,"32,900",27.15,"1,700",27.2,"15,100",27.25,100,-0.35,-1.3%,27.3,"1,500",27.35,400,27.4,"40,300",27.45,27,"181,100",,,
SSI,37.65,32.75,35.2,35.5,"405,100",35.55,"274,700",35.6,"66,900",35.6,600,0.40,1.1%,35.65,"237,300",35.7,"336,100",35.75,"107,300",35.7,35,"7,203,100","326,100","211,200","352,753,588"
ST8,12.05,10.55,11.3,10.7,"1,000",10.8,100,11,"1,400",11.3,200,0.00,0.0%,11.3,800,11.4,900,11.45,100,11.3,11.3,200,,,
STB,23.75,20.65,22.2,22.5,"915,500",22.55,"340,800",22.6,"150,700",22.7,500,0.50,2.3%,22.65,"288,500",22.7,"648,100",22.75,"214,400",22.7,22.2,"14,550,000","1,341,000","44,400","257,697,233"
STG,16.75,14.65,15.7,15.3,"1,600",15.5,"1,000",15.6,"1,000",15.7,200,0.00,0.0%,15.8,200,16,300,16.2,"1,500",15.7,15.6,"4,600",,,"48,083,160"
STK,35.95,31.25,33.6,33.2,"1,500",33.4,"1,500",33.5,"2,100",33.6,100,0.00,0.0%,33.7,200,33.8,"3,300",33.95,"1,000",33.8,33.15,"18,700",,200,"27,863,869"
SVC,74.9,65.1,70,65.2,"1,200",65.4,300,65.5,100,,,,,69.4,100,69.5,"1,000",70,"8,700",,,,,,"15,665,823"
SVD,11.55,10.05,10.8,,,,,,,10.05,400,-0.75,-6.9%,10.05,"504,500",10.15,700,10.2,"5,000",10.45,10.05,"541,400",200,,"6,268,800"
SVI,91.5,79.7,85.6,,,79.7,100,80,500,,,,,82.8,300,82.9,300,84.4,100,,,,,,"673,632"
SVT,19.15,16.65,17.9,16.65,"2,000",16.7,"1,000",16.8,"1,500",18,200,0.10,0.6%,18,"1,600",18.2,800,18.3,600,18,18,700,,,"5,673,125"
SZC,42.15,36.65,39.4,39.6,"2,900",39.65,"1,900",39.7,"2,600",39.75,300,0.35,0.9%,39.75,"4,000",39.8,"15,300",39.85,"9,000",39.9,39.4,"195,500","2,200",,"45,455,040"
SZL,55.9,48.65,52.3,51.5,"2,800",51.6,600,51.7,900,52,100,-0.30,-0.6%,52,400,52.3,300,52.5,"1,000",52.3,51.6,"15,100","6,000",900,"6,280,500"
TAC,54.1,47.1,50.6,50.4,"1,900",50.6,800,51,200,51,200,0.40,0.8%,51.2,"1,900",51.5,500,51.8,500,51.1,50.6,"5,000",,300,"15,722,040"
TBC,27.45,23.95,25.7,25.6,"4,000",25.65,"7,600",25.7,100,25.75,"2,000",0.05,0.2%,25.8,"6,100",25.85,"4,000",25.9,"4,000",25.75,25.7,"10,900",,"8,000","30,745,116"
TCB,44.85,39.05,41.95,41.75,"17,000",41.85,"5,500",41.95,"21,400",41.95,"1,000",0.00,0.0%,42,"225,200",42.05,"12,800",42.1,"9,600",41.95,41.5,"5,157,800",,,80
TCD,15.65,13.65,14.65,14.5,"19,000",14.6,"6,800",14.65,"5,100",14.75,100,0.10,0.7%,14.75,"1,100",14.8,300,14.95,"2,000",14.8,14.6,"27,200",,,"33,310,578"
TCH,27.8,24.2,26,25.2,"402,500",25.25,"574,900",25.3,"86,500",25.35,"1,200",-0.65,-2.5%,25.35,"75,000",25.4,"129,200",25.45,"113,100",25.6,25.15,"8,425,100","165,000","5,100","146,863,883"
TCL,33.55,29.25,31.4,31.25,"5,000",31.3,"6,200",31.35,"6,100",31.35,"1,100",-0.05,-0.2%,31.45,"1,600",31.5,"3,600",31.6,"3,000",31.5,31.2,"35,900","1,300",,"13,811,915"
TCM,120.6,105,112.8,112.3,300,112.5,100,112.8,300,113,300,0.20,0.2%,113,"9,300",113.4,"2,000",113.5,"2,500",113,110.6,"74,600",,"4,500","2,870,666"
TCO,13.35,11.65,12.5,11.65,"2,000",12.5,"4,600",12.6,"5,000",13.2,"2,000",0.70,5.6%,13.2,"16,000",13.35,"11,100",,,13.2,12.5,"4,400",,,"8,734,818"
TCR,5.13,4.47,4.8,4.82,200,4.84,100,4.85,"3,900",4.85,100,0.05,1.0%,4.9,"6,100",4.95,"3,300",5,"17,000",5,4.85,"27,000",,,"3,411"
TCT,34.3,29.9,32.1,31.9,"1,900",32,300,32.1,100,32.1,100,0.00,0.0%,32.2,100,32.7,400,32.8,500,32.1,31.9,700,,,"4,460,510"
TDC,22.45,19.55,21,20.8,"65,400",20.85,"9,700",20.9,"5,000",20.95,100,-0.05,-0.2%,20.95,200,21,"27,600",21.05,"10,500",21.2,20.8,"266,200",,,"46,774,310"
TDG,4.76,4.14,4.45,4.34,"2,700",4.35,"39,100",4.36,"9,400",4.39,"3,900",-0.06,-1.3%,4.37,100,4.38,"4,200",4.39,"27,900",4.4,4.21,"961,800",100,,"7,624,731"
TDH,7.89,6.87,7.38,7.32,"22,700",7.33,"18,500",7.34,"5,000",7.35,200,-0.03,-0.4%,7.35,"3,800",7.36,"26,100",7.37,"5,500",7.38,7.3,"433,000","10,000","13,700","46,468,991"
TDM,30.8,26.8,28.8,28.55,"18,900",28.6,"12,800",28.65,"5,200",28.7,100,-0.10,-0.3%,28.7,"8,500",28.75,"4,300",28.8,"31,300",28.8,28.45,"42,300",200,,"44,083,450"
TDP,29.3,25.5,27.4,26.8,"5,600",26.9,"2,300",27,"1,600",27.1,300,-0.30,-1.1%,27.1,200,27.3,"1,000",27.4,"1,700",27.4,27.1,"161,100",,,"26,313,828"
TDW,39.55,34.45,37,,,,,34.5,"1,200",,,,,39,100,,,,,,,,,,"3,944,120"
TEG,14.45,12.65,13.55,13.45,"54,000",13.5,"6,000",13.55,"10,200",13.6,400,0.05,0.4%,13.6,600,13.65,"2,200",13.7,"9,500",13.6,13.5,"27,900",,,"15,802,067"
TGG,3.4,2.96,3.18,3.38,"4,000",3.39,"45,400",3.4,"654,400",3.4,"1,400",0.22,6.9%,,,,,,,3.4,3.06,"2,606,800","6,700",,"13,156,995"
THG,83.3,72.5,77.9,77.3,"3,100",77.4,"1,800",77.5,"1,100",77.9,100,0.00,0.0%,77.9,900,78,800,78.3,400,77.9,77.4,"3,700",,,"6,714,903"
THI,29.95,26.05,28,27.5,500,27.6,700,27.7,100,,,,,28.2,"1,000",28.6,100,28.9,500,,,,,,"23,879,940"
TIP,50.1,43.65,46.9,46.35,"3,900",46.4,"1,000",46.45,"3,400",46.6,100,-0.30,-0.6%,46.6,100,46.85,"1,300",46.9,"11,100",46.6,46.35,"59,500","15,000","1,700","8,621,893"
TIX,33.15,28.85,31,,,28.9,100,29.2,100,,,,,31,100,33,100,,,,,,,,"14,668,296"
TLD,7.65,6.65,7.15,7.25,"1,500",7.26,"2,000",7.28,"19,000",7.3,300,0.15,2.1%,7.3,"20,200",7.31,"5,000",7.32,700,7.3,7.01,"623,600","22,400","6,000","18,687,561"
TLG,40.7,35.4,38.05,38.05,"2,100",38.1,"5,100",38.2,600,38.2,100,0.15,0.4%,38.25,"1,500",38.3,"2,400",38.35,"4,100",38.2,38.05,"11,800",,"3,000","57,328,021"
TLH,13.1,11.4,12.25,12.25,"19,800",12.3,"21,800",12.35,100,12.35,100,0.10,0.8%,12.4,"114,600",12.45,"8,100",12.5,"70,700",12.35,11.95,"753,200",,"29,100","48,640,190"
TMP,43.85,38.15,41,40.1,300,40.15,"2,200",41.35,800,41.35,800,0.35,0.9%,41.45,200,41.5,"2,100",41.6,200,41.35,40.1,"5,600",800,"2,900","33,944,040"
TMS,59.7,51.9,55.8,54,"2,400",54.1,500,54.2,900,54.1,100,-1.70,-3.0%,54.9,600,55,"9,700",55.7,"2,000",54.9,54,"13,300",,"8,300","29,256"
TMT,10.55,9.21,9.9,9.41,"1,000",9.42,"2,000",9.5,"6,000",9.6,"2,000",-0.30,-3.0%,9.6,"1,000",9.8,"1,400",9.89,"1,000",9.9,9.6,"10,000",,,"17,334,603"
TN1,63.2,55,59.1,58,"1,200",58.2,100,58.6,200,58,400,-1.10,-1.9%,59.1,400,60,"1,000",60.5,"1,300",59.1,58,"1,500",,,
TNA,14.2,12.4,13.3,13.15,"5,100",13.2,"18,300",13.25,100,13.3,100,0.00,0.0%,13.3,"33,700",13.35,"33,100",13.4,"26,100",13.35,13.2,"135,200","4,300",,"17,923,561"
TNC,37.55,32.65,35.1,,,33,"1,100",35,700,35,"4,300",-0.10,-0.3%,37,300,,,,,35,35,"4,300",,,"9,021,290"
TNH,30,26.1,28.05,27.95,100,28,"56,700",28.05,300,28.05,"1,700",0.00,0.0%,28.2,"7,100",28.25,100,28.3,"19,500",28.2,28,"103,800",,,
TNI,4.75,4.13,4.44,4.6,"38,600",4.61,"44,400",4.62,"10,000",4.63,200,0.19,4.3%,4.63,"10,400",4.64,"80,600",4.65,"67,200",4.7,4.35,"2,142,100",,"34,000","24,914,730"
TNT,8.48,7.38,7.93,7.81,"2,000",7.9,"6,500",7.93,"3,200",8,"7,900",0.07,0.9%,8,"7,900",8.09,"5,000",8.1,"18,500",8.01,7.4,"163,300",,100,"12,485,710"
TPB,30.9,26.9,28.9,28.65,"48,200",28.7,"267,100",28.75,"100,800",28.8,500,-0.10,-0.3%,28.8,"73,000",28.85,"109,500",28.9,"216,000",29,28.6,"1,652,600",,,98
TPC,10.25,8.94,9.61,9.61,600,9.62,100,9.63,100,,,,,9.98,100,9.99,500,10,200,,,,,,"11,570,086"
TRA,77,67,72,72.2,100,72.5,"1,500",72.9,300,72.5,"1,000",0.50,0.7%,73,"1,300",74,"4,000",74.5,"1,500",74.5,72.1,"4,700",,500,"2,584,315"
TRC,41.15,35.85,38.5,36.65,100,37,"1,000",37.5,"1,000",38,200,-0.50,-1.3%,38,"1,000",38.45,"1,000",38.5,400,38,37.5,"1,200",,,"14,365,240"
TS4,6.13,5.33,5.73,5.67,"1,000",5.68,"4,200",5.69,"15,500",5.69,"1,000",-0.04,-0.7%,5.72,"2,800",5.73,"3,300",5.75,"14,400",5.73,5.69,"27,900",,,"7,785,697"
TSC,8.73,7.59,8.16,8.31,"10,700",8.32,"5,000",8.33,"10,300",8.33,200,0.17,2.1%,8.38,"10,300",8.4,"11,400",8.41,"20,000",8.33,7.91,"788,600","1,000","9,900","70,156,812"
TTA,16.7,14.6,15.65,15.65,"102,700",15.7,"13,000",15.75,"9,800",15.8,500,0.15,1.0%,15.8,"16,700",15.85,"7,800",15.9,"80,800",16,15.6,"1,053,300","13,200",,"65,681,230"
TTB,8.29,7.21,7.75,7.87,200,7.88,"18,600",7.89,"13,900",7.9,"1,400",0.15,1.9%,7.9,"62,700",7.91,"6,900",7.92,"22,100",7.94,7.65,"811,900","63,600","6,700","24,369,906"
TTE,11.25,9.82,10.55,9.82,100,10,800,10.55,"1,500",10.55,500,0.00,0.0%,11.25,200,,,,,10.55,10.55,500,,,"14,529,634"
TTF,8.72,7.58,8.15,8.04,100,8.05,"1,000",8.08,"1,000",8.1,500,-0.05,-0.6%,8.1,"34,200",8.12,"1,000",8.14,"2,300",8.22,7.92,"4,531,200",300,"15,400","151,687,769"
TV2,62,54,58,57.2,"2,800",57.3,"3,900",57.4,"4,600",57.5,"3,000",-0.50,-0.9%,57.5,"16,100",57.6,"2,900",57.8,200,58,57.4,"87,100",,"2,500","2,714,842"
TVB,17.1,14.9,16,15.6,"34,300",15.65,"28,000",15.7,"11,100",15.75,100,-0.25,-1.6%,15.75,900,15.8,"14,500",15.85,100,16,15.65,"410,000","6,700","1,000","34,561,835"
TVS,22,19.2,20.6,20.3,600,20.35,"16,300",20.4,700,20.4,300,-0.20,-1.0%,20.6,"4,000",20.65,"4,000",20.7,"14,800",20.65,20.3,"40,700",,400,"20,859,931"
TVT,28.85,25.15,27,26.6,300,26.7,100,26.75,100,26.85,500,-0.15,-0.6%,26.85,"3,200",26.9,"1,000",27,"1,000",26.85,26.85,"5,300",,,"10,247,390"
TYA,17.75,15.45,16.6,16.4,"9,200",16.45,700,16.5,"3,600",16.6,400,0.00,0.0%,16.6,"35,000",16.7,"26,200",16.8,"3,100",16.6,16.45,"44,300",,"2,800","4,258,415"
UDC,7.69,6.69,7.19,7,"1,900",7.01,"8,200",7.05,"8,000",7.18,200,-0.01,-0.1%,7.18,"24,100",7.19,"8,100",7.22,"1,100",7.19,7.01,"4,400",,,"15,712,440"
UIC,55.8,48.55,52.2,51.2,"1,000",51.3,"2,300",52.2,500,53.5,100,1.30,2.5%,53.3,900,53.4,"1,100",53.5,900,53.5,53.5,100,100,,"2,036,990"
VAF,11.65,10.15,10.9,10.15,"10,100",10.2,"1,200",10.5,100,10.2,400,-0.70,-6.4%,10.75,900,10.9,"2,400",11.65,200,10.75,10.15,"3,300",,,"18,455,885"
VCA,15.8,13.8,14.8,14.25,100,14.3,"9,000",14.35,"2,200",14.7,200,-0.10,-0.7%,14.7,"3,600",14.8,"22,700",15,"13,100",14.8,14.3,"8,000",400,,"7,369,201"
VCB,107,93,100,98.6,"17,200",98.7,"12,600",98.8,"2,500",98.7,100,-1.30,-1.3%,98.9,"1,100",99,"13,100",99.1,"5,100",99.5,98.5,"904,700","275,800","266,000","246,068,397"
VCF,270.7,235.3,253,235.5,"1,000",236,100,236.1,100,,,,,255,200,256,100,260,"2,500",,,,,,"12,859,438"
VCG,52.5,45.7,49.1,49,"3,700",49.1,"6,500",49.3,800,49.4,"1,500",0.30,0.6%,49.4,"65,200",49.5,"88,000",49.6,"30,100",49.4,49,"403,300","155,200",800,"214,426,534"
VCI,72.2,62.8,67.5,67,"34,600",67.1,"18,400",67.2,"5,800",67.4,100,-0.10,-0.1%,67.3,"3,300",67.4,"4,700",67.5,"4,500",67.4,66.6,"522,500","78,200","107,200","123,835,395"
VDP,37.45,32.55,35,32.85,"1,000",33,100,33.1,100,35,100,0.00,0.0%,35,"3,600",36.7,200,36.8,200,35,34,"2,200",,,"7,845,399"
VDS,17.5,15.3,16.4,16,"47,800",16.05,"51,400",16.1,"9,100",16.1,200,-0.30,-1.8%,16.2,"11,000",16.25,"15,000",16.3,"44,900",16.2,16,"292,100",600,"11,100","48,431,203"
VGC,38.05,33.15,35.6,35.05,400,35.1,700,35.4,"1,100",35.4,600,-0.20,-0.6%,35.5,"6,100",35.55,700,35.6,"9,700",35.6,35,"74,900","41,800","1,700","190,303,908"
VHC,42.1,36.6,39.35,39.1,"27,300",39.15,"9,600",39.2,"1,400",39.25,100,-0.10,-0.3%,39.25,"24,900",39.3,"40,000",39.35,"41,300",39.45,39.2,"326,600","39,100","56,200","139,307,200"
VHM,106.6,92.8,99.7,98.5,"15,700",98.6,"14,100",98.7,"5,000",98.8,"1,000",-0.90,-0.9%,98.8,"10,900",98.9,"17,400",99,"24,000",99.2,98,"1,237,700","52,700","277,600","896,535,322"
VIB,54.7,47.65,51.2,50.3,"45,900",50.4,"36,100",50.5,"16,500",50.5,"1,000",-0.70,-1.4%,50.6,"28,500",50.7,200,50.8,"60,000",50.7,49.95,"1,100,900",600,"13,800","219,033"
VIC,134.1,116.7,125.4,124.5,"7,800",124.6,"1,600",124.9,"4,000",124.9,"1,500",-0.50,-0.4%,125,"28,000",125.3,"20,000",125.4,"17,900",125.4,123.1,"1,031,800","48,400","349,200","751,846,661"
VID,13.65,11.95,12.8,12,"11,000",12.1,"2,600",12.2,"3,000",12.1,"1,000",-0.70,-5.5%,12.3,"5,000",12.4,200,12.9,"1,000",12.4,12.1,"10,100",,,"15,010,636"
VIP,10.3,8.98,9.65,10,"91,700",10.05,"5,100",10.1,"40,400",10.1,"2,500",0.45,4.7%,10.15,"30,100",10.2,"33,600",10.25,"39,900",10.15,9.6,"770,700","20,000",,"30,827,278"
VIS,18.5,16.1,17.3,17.1,500,17.2,"7,600",17.25,600,17.4,300,0.10,0.6%,17.4,"2,000",17.6,300,17.7,"3,000",17.7,17.2,"16,300",,,"19,144,689"
VIX,33.55,29.25,31.4,31.35,"126,800",31.4,"75,400",31.45,"19,300",31.5,200,0.10,0.3%,31.5,"254,300",31.55,"115,400",31.6,"110,800",31.5,30.85,"2,034,700","1,500",,"61,591,839"
VJC,142.3,123.7,133,131.3,"4,000",131.5,"2,900",131.7,"1,900",131.7,200,-1.30,-1.0%,131.9,700,132,"6,200",132.3,"2,700",133.5,131.5,"233,300","94,400","101,500","58,283,387"
VMD,24.6,21.4,23,22.1,"1,300",22.8,600,22.9,500,,,,,23,100,23.25,"1,400",23.3,800,,,,,,"7,344,950"
VNE,8.47,7.37,7.92,7.71,"7,000",7.73,"6,800",7.74,500,7.8,500,-0.12,-1.5%,7.8,"6,600",7.85,"12,600",7.86,"10,000",7.85,7.6,"219,600","10,000",,"38,823,975"
VNG,15.35,13.35,14.35,14.05,"10,100",14.1,"5,400",14.15,"16,700",14.15,100,-0.20,-1.4%,14.2,"5,000",14.25,"8,700",14.3,"7,400",14.4,14.15,"76,000",,"4,500","47,425,124"
VNL,20.3,17.7,19,17.8,400,18,"2,600",18.05,"6,100",,,,,19,"7,700",19.2,100,19.5,"4,700",,,,,,"3,755,090"
VNM,106.8,93,99.9,99.4,"33,000",99.5,"28,600",99.6,"20,100",99.6,"1,600",-0.30,-0.3%,99.7,"28,300",99.8,"38,600",99.9,"148,300",100,99.2,"1,873,800","463,300","709,900","922,108,565"
VNS,11.2,9.77,10.5,10.2,100,10.3,100,10.5,500,10.5,100,0.00,0.0%,10.75,100,10.95,"1,100",11,"4,000",10.5,10.5,100,,,"19,760,463"
VOS,4.78,4.16,4.47,4.38,"9,800",4.39,"4,900",4.4,"9,100",4.41,100,-0.06,-1.3%,4.41,"8,200",4.42,"95,900",4.43,"14,500",4.43,4.16,"3,676,300","281,000","35,100","64,913,650"
VPB,49.95,43.45,46.7,47.4,"62,600",47.45,"6,400",47.5,"51,600",47.6,"1,000",0.90,1.9%,47.55,"1,600",47.6,"75,400",47.65,"86,200",47.65,46.3,"3,873,100","1,249,500","976,700",
VPD,15.5,13.5,14.5,14.2,500,14.5,"1,300",14.55,"2,000",14.6,100,0.10,0.7%,14.6,"1,000",14.8,"2,500",14.95,400,14.6,14.5,"1,900",,,"52,176,183"
VPG,27.25,23.75,25.5,24.85,"7,700",24.9,"23,500",24.95,"10,000",24.95,"1,000",-0.55,-2.2%,25.1,900,25.15,"9,900",25.25,"8,500",25.5,24.9,"522,900",,"13,000","17,807,058"
VPH,6.8,5.92,6.36,6.26,500,6.27,"2,900",6.28,"5,200",6.3,500,-0.06,-0.9%,6.3,"10,600",6.34,"9,300",6.35,"4,500",6.36,6.25,"231,100","6,000",,"35,486,598"
VPI,38.8,33.8,36.3,36.15,"5,900",36.2,"6,100",36.25,"3,200",36.3,"5,000",0.00,0.0%,36.3,"8,800",36.35,"8,700",36.4,"14,300",36.7,36.15,"526,300","6,900","60,000","95,931,206"
VPS,15.6,13.6,14.6,14.1,"4,600",14.15,"1,100",14.2,"4,300",14.2,600,-0.40,-2.7%,14.5,"1,000",14.6,"2,500",14.65,300,14.6,14.2,"10,100",,,"11,815,510"
VRC,11.65,10.15,10.9,11,"26,600",11.05,"17,800",11.1,"1,600",11.1,600,0.20,1.8%,11.15,"8,600",11.2,"64,000",11.25,"15,000",11.2,10.85,"429,100","10,900",,"23,583,974"
VRE,37.75,32.85,35.3,35.05,"29,300",35.1,"82,000",35.15,"30,100",35.2,400,-0.10,-0.3%,35.2,"35,600",35.25,"68,800",35.3,"190,700",35.3,35,"2,849,700","1,211,000","19,100","429,668,922"
VSC,54.7,47.65,51.2,49.05,100,49.1,"1,200",49.3,"1,400",49.5,500,-1.70,-3.3%,49.5,"14,500",50,"3,600",50.4,200,51.2,49.5,"44,200",,"13,800","14,030,149"
VSH,20.5,17.9,19.2,19.15,"20,000",19.2,"27,400",19.25,"21,800",19.25,200,0.05,0.3%,19.3,"5,000",19.35,"3,000",19.4,"10,400",19.3,19.2,"37,900",,,"87,770,919"
VSI,19.9,17.3,18.6,18.35,"1,100",18.4,"3,000",18.45,"2,200",18.3,100,-0.30,-1.6%,18.8,100,19,500,19.1,"1,300",18.3,18.3,100,,,"6,385,540"
VTB,13.9,12.1,13,12.8,"1,000",12.85,"2,300",12.9,"3,000",,,,,13,"3,000",13.1,"1,000",13.2,"3,300",,,,,,"5,690,970"
VTO,10,8.7,9.35,9.8,"12,600",9.81,100,9.82,"4,100",9.86,"1,000",0.51,5.5%,9.9,"18,800",9.91,"5,300",9.93,"1,000",9.95,9.36,"380,200",,,"37,688,538"
YBM,8.66,7.54,8.1,7.7,"4,100",7.8,"1,700",8,"13,200",8,"3,000",-0.10,-1.2%,8.09,"7,000",8.1,"12,300",8.15,"10,700",8.1,8,"8,400",,,"6,987,614"
YEG,36.25,31.55,33.9,,,31.55,"9,000",31.6,"2,100",31.6,200,-2.30,-6.8%,31.8,400,31.85,900,32,"1,200",32.9,31.55,"314,500","2,900","8,000","22,694,377"
