Date,VNI_Close,Change,Volume,Transaction_value,a,b,c,d
26/07/2021,"1272,71","+3,88(+0,31%)",508.547.170,"16.137,00 tỷ",28.582.048,"1.327,58 tỷ",31.492.900,"1.398,27 tỷ"
23/07/2021,"1268,83","-24,84(-1,92%)",582.254.124,"19.329,00 tỷ",27.622.815,"1.336,78 tỷ",31.768.311,"1.547,27 tỷ"
22/07/2021,"1293,67","+22,88(+1,80%)",536.411.753,"17.006,00 tỷ",30.717.271,"1.245,60 tỷ",33.775.311,"1.772,32 tỷ"
21/07/2021,"1270,79","-2,50(-0,20%)",451.951.637,"16.003,00 tỷ",26.338.600,"1.441,20 tỷ",49.096.528,"2.892,32 tỷ"
20/07/2021,"1273,29","+29,78(+2,39%)",568.601.882,"17.879,00 tỷ",44.456.300,"1.772,28 tỷ",44.582.600,"2.080,51 tỷ"
19/07/2021,"1243,51","-55,80(-4,29%)",731.023.345,"21.848,00 tỷ",33.271.234,"1.462,51 tỷ",38.762.934,"1.560,85 tỷ"
16/07/2021,"1299,31","+5,39(+0,42%)",465.415.299,"15.458,00 tỷ",36.443.700,"1.751,41 tỷ",40.403.100,"1.682,43 tỷ"
15/07/2021,"1293,92","+14,01(+1,09%)",439.929.193,"15.144,00 tỷ",52.228.700,"2.308,85 tỷ",30.812.010,"1.571,96 tỷ"
14/07/2021,"1279,91","-17,63(-1,36%)",592.758.094,"19.324,00 tỷ",50.379.080,"2.457,82 tỷ",43.255.780,"2.122,98 tỷ"
13/07/2021,"1297,54","+1,24(+0,10%)",539.601.346,"15.915,00 tỷ",38.209.500,"1.565,49 tỷ",35.863.200,"1.777,03 tỷ"
12/07/2021,"1296,30","-50,84(-3,77%)",961.739.463,"31.615,00 tỷ",80.759.300,"3.354,04 tỷ",36.973.000,"1.952,81 tỷ"
09/07/2021,"1347,14","-27,54(-2,00%)",760.341.110,"25.709,00 tỷ",52.778.800,"2.708,60 tỷ",33.267.676,"1.919,49 tỷ"
08/07/2021,"1374,68","-13,87(-1,00%)",552.300.939,"20.198,00 tỷ",40.280.272,"2.007,52 tỷ",40.940.672,"2.246,04 tỷ"
07/07/2021,"1388,55","+33,76(+2,49%)",785.186.460,"26.596,00 tỷ",83.339.660,"3.719,42 tỷ",35.400.360,"1.638,08 tỷ"
06/07/2021,"1354,79","-56,34(-3,99%)",803.157.293,"28.673,00 tỷ",36.958.383,"1.979,61 tỷ",37.046.883,"1.932,92 tỷ"
05/07/2021,"1411,13","-9,14(-0,64%)",817.327.351,"28.036,00 tỷ",34.577.630,"1.741,80 tỷ",35.148.330,"1.810,64 tỷ"
02/07/2021,"1420,27","+3,19(+0,23%)",706.826.827,"26.040,00 tỷ",42.120.530,"3.094,76 tỷ",24.172.218,"1.161,60 tỷ"
01/07/2021,"1417,08","+8,53(+0,61%)",753.563.531,"26.131,00 tỷ",32.571.000,"1.452,71 tỷ",31.708.200,"1.684,47 tỷ"
30/06/2021,"1408,55","-1,49(-0,11%)",595.285.664,"21.055,00 tỷ",46.126.412,"3.182,38 tỷ",30.056.077,"1.426,15 tỷ"
29/06/2021,"1410,04","+4,23(+0,30%)",647.389.173,"21.324,00 tỷ",32.128.700,"1.606,97 tỷ",32.762.422,"1.560,85 tỷ"
28/06/2021,"1405,81","+15,69(+1,13%)",699.512.167,"23.192,00 tỷ",24.089.600,"1.176,14 tỷ",29.214.777,"1.392,30 tỷ"
25/06/2021,"1390,12","+10,40(+0,75%)",598.105.590,"19.127,00 tỷ",29.085.200,"1.541,52 tỷ",31.476.590,"1.458,58 tỷ"
24/06/2021,"1379,72","+2,85(+0,21%)",591.749.340,"18.484,00 tỷ",28.294.400,"1.195,73 tỷ",23.181.773,"1.010,93 tỷ"
23/06/2021,"1376,87","-3,10(-0,22%)",710.770.695,"21.124,00 tỷ",25.085.700,"1.343,71 tỷ",23.039.000,"1.179,48 tỷ"
22/06/2021,"1379,97","+7,34(+0,53%)",746.947.557,"22.393,00 tỷ",35.119.300,"1.920,31 tỷ",39.791.606,"1.818,68 tỷ"
21/06/2021,"1372,63","-5,14(-0,37%)",768.183.176,"22.660,00 tỷ",24.898.511,"1.200,95 tỷ",51.009.011,"2.300,61 tỷ"
18/06/2021,"1377,77","+17,85(+1,31%)",809.465.947,"23.734,00 tỷ",52.506.300,"2.558,34 tỷ",51.972.605,"2.193,13 tỷ"
17/06/2021,"1359,92","+3,40(+0,25%)",768.729.797,"22.518,00 tỷ",35.675.760,"1.702,96 tỷ",40.869.849,"1.816,03 tỷ"
16/06/2021,"1356,52","-10,84(-0,79%)",769.633.642,"23.433,00 tỷ",39.769.194,"1.769,95 tỷ",40.639.006,"1.836,35 tỷ"
15/06/2021,"1367,36","+5,64(+0,41%)",730.942.289,"24.425,00 tỷ",39.449.900,"1.876,80 tỷ",37.929.300,"1.765,41 tỷ"
14/06/2021,"1361,72","+9,98(+0,74%)",775.724.500,"25.335,00 tỷ",39.401.666,"1.756,98 tỷ",46.354.336,"1.834,17 tỷ"
11/06/2021,"1351,74","+28,16(+2,13%)",731.261.767,"23.765,00 tỷ",43.847.133,"1.932,11 tỷ",33.525.833,"1.318,30 tỷ"
10/06/2021,"1323,58","-9,32(-0,70%)",723.488.009,"25.351,00 tỷ",42.268.122,"2.081,96 tỷ",42.399.622,"1.832,50 tỷ"
09/06/2021,"1332,90","+13,02(+0,99%)",822.292.698,"25.873,00 tỷ",45.700.700,"1.728,19 tỷ",64.381.108,"2.375,60 tỷ"
08/06/2021,"1319,88","-38,90(-2,86%)",924.505.795,"30.296,00 tỷ",39.947.200,"1.822,08 tỷ",47.938.238,"2.179,90 tỷ"
07/06/2021,"1358,78","-15,27(-1,11%)",876.692.825,"28.922,00 tỷ",35.545.000,"1.543,74 tỷ",48.881.500,"2.190,59 tỷ"
04/06/2021,"1374,05","+9,77(+0,72%)",943.329.047,"31.308,00 tỷ",41.734.000,"1.678,50 tỷ",63.931.355,"3.191,56 tỷ"
03/06/2021,"1364,28","+23,50(+1,75%)",898.882.094,"29.308,00 tỷ",34.903.470,"1.461,03 tỷ",50.052.570,"2.509,23 tỷ"
02/06/2021,"1340,78","+3,00(+0,22%)",805.241.535,"26.142,00 tỷ",32.729.405,"1.613,65 tỷ",51.433.605,"2.826,14 tỷ"
01/06/2021,"1337,78","+9,73(+0,73%)",629.421.189,"21.762,00 tỷ",19.714.300,"815,61 tỷ",28.904.409,"1.409,31 tỷ"
31/05/2021,"1328,05","+7,59(+0,57%)",737.174.593,"25.458,00 tỷ",26.260.606,"1.281,06 tỷ",65.365.097,"2.965,65 tỷ"
28/05/2021,"1320,46","+16,89(+1,30%)",768.849.713,"24.798,00 tỷ",30.219.400,"1.251,48 tỷ",27.343.000,"1.235,52 tỷ"
27/05/2021,"1303,57","-13,13(-1,00%)",732.998.065,"24.088,00 tỷ",36.049.324,"1.750,98 tỷ",34.086.024,"1.643,06 tỷ"
26/05/2021,"1316,70","+8,12(+0,62%)",713.069.002,"21.689,00 tỷ",28.989.100,"1.113,75 tỷ",22.876.300,"993,88 tỷ"
25/05/2021,"1308,58","+10,60(+0,82%)",679.062.580,"21.246,00 tỷ",25.557.300,"1.152,84 tỷ",28.174.333,"1.237,21 tỷ"
24/05/2021,"1297,98","+14,05(+1,09%)",715.509.375,"23.635,00 tỷ",24.242.700,"1.034,43 tỷ",44.636.400,"1.668,13 tỷ"
21/05/2021,"1283,93","+5,71(+0,45%)",698.929.948,"23.667,00 tỷ",35.784.900,"2.186,23 tỷ",47.404.395,"2.494,15 tỷ"
20/05/2021,"1278,22","+15,73(+1,25%)",745.212.440,"22.728,00 tỷ",26.006.522,"1.224,96 tỷ",43.155.287,"1.783,43 tỷ"
19/05/2021,"1262,49","+9,81(+0,78%)",694.351.795,"21.593,00 tỷ",30.275.662,"1.280,36 tỷ",39.656.534,"1.593,63 tỷ"
18/05/2021,"1252,68","-6,02(-0,48%)",692.480.943,"21.011,00 tỷ",23.844.400,"1.038,27 tỷ",35.933.300,"1.695,07 tỷ"
17/05/2021,"1258,70","-7,66(-0,60%)",758.291.697,"22.824,00 tỷ",25.278.800,"1.143,95 tỷ",54.750.685,"2.409,69 tỷ"
14/05/2021,"1266,36","+4,37(+0,35%)",730.985.934,"22.032,00 tỷ",14.210.330,"650,83 tỷ",49.721.730,"2.282,53 tỷ"
13/05/2021,"1261,99","-7,10(-0,56%)",711.521.202,"21.627,00 tỷ",24.810.943,"973,20 tỷ",50.546.159,"2.149,71 tỷ"
12/05/2021,"1269,09","+13,05(+1,04%)",700.671.791,"20.924,00 tỷ",26.310.810,"971,39 tỷ",35.760.210,"1.543,91 tỷ"
11/05/2021,"1256,04","-3,54(-0,28%)",770.093.786,"22.665,00 tỷ",38.370.600,"1.366,39 tỷ",38.845.219,"1.659,11 tỷ"
10/05/2021,"1259,58","+17,77(+1,43%)",773.055.922,"23.133,00 tỷ",46.752.190,"1.981,02 tỷ",39.433.490,"1.890,45 tỷ"
07/05/2021,"1241,81","-8,76(-0,70%)",783.041.147,"22.420,00 tỷ",43.236.000,"1.739,74 tỷ",44.437.892,"2.068,18 tỷ"
06/05/2021,"1250,57","-5,86(-0,47%)",730.503.864,"20.314,00 tỷ",38.291.900,"1.432,49 tỷ",58.641.900,"2.536,12 tỷ"
05/05/2021,"1256,43","+14,23(+1,15%)",744.427.580,"21.209,00 tỷ",26.242.600,"931,94 tỷ",42.800.149,"1.705,05 tỷ"
04/05/2021,"1242,20","+2,81(+0,23%)",798.493.636,"21.481,00 tỷ",45.640.641,"1.935,22 tỷ",61.269.257,"2.627,91 tỷ"
29/04/2021,"1239,39","+9,84(+0,80%)",647.160.174,"19.300,00 tỷ",36.078.600,"1.560,46 tỷ",38.054.630,"1.947,79 tỷ"
28/04/2021,"1229,55","+9,80(+0,80%)",612.697.189,"15.409,00 tỷ",43.679.849,"1.837,33 tỷ",32.328.879,"1.437,97 tỷ"
27/04/2021,"1219,75","+3,98(+0,33%)",618.169.880,"15.459,00 tỷ",48.241.600,"1.987,60 tỷ",36.453.500,"1.574,98 tỷ"
26/04/2021,"1215,77","-32,76(-2,62%)",744.944.731,"19.295,00 tỷ",51.731.300,"2.289,45 tỷ",45.612.714,"2.210,36 tỷ"
23/04/2021,"1248,53","+20,71(+1,69%)",716.518.668,"20.089,00 tỷ",66.510.040,"3.446,51 tỷ",49.189.840,"3.095,96 tỷ"
22/04/2021,"1227,82","-40,46(-3,19%)",770.372.883,"20.663,00 tỷ",39.454.786,"2.299,24 tỷ",58.286.549,"2.407,64 tỷ"
20/04/2021,"1268,28","+7,70(+0,61%)",843.601.928,"23.100,00 tỷ",46.499.954,"1.920,72 tỷ",51.918.352,"2.470,99 tỷ"
19/04/2021,"1260,58","+21,87(+1,77%)",817.129.717,"19.804,00 tỷ",33.907.590,"1.282,80 tỷ",47.098.850,"2.023,55 tỷ"
16/04/2021,"1238,71","-8,54(-0,68%)",986.877.840,"21.759,00 tỷ",31.560.460,"1.099,59 tỷ",39.999.230,"1.657,08 tỷ"
15/04/2021,"1247,25","-8,62(-0,69%)",806.491.436,"20.645,00 tỷ",33.296.400,"1.459,47 tỷ",56.808.700,"2.288,94 tỷ"
14/04/2021,"1255,87","+7,54(+0,60%)",861.954.502,"19.345,00 tỷ",40.059.000,"1.438,62 tỷ",50.357.274,"2.429,94 tỷ"
13/04/2021,"1248,33","-4,12(-0,33%)",1.027.085.343,"23.470,00 tỷ",39.788.980,"2.112,07 tỷ",43.033.780,"1.984,63 tỷ"
12/04/2021,"1252,45","+20,79(+1,69%)",890.313.325,"21.517,00 tỷ",39.180.500,"1.507,10 tỷ",36.280.800,"1.716,47 tỷ"
09/04/2021,"1231,66","-3,23(-0,26%)",732.817.578,"18.208,00 tỷ",63.310.495,"3.867,80 tỷ",34.720.395,"1.535,15 tỷ"
08/04/2021,"1234,89","-7,49(-0,60%)",664.507.710,"14.522,00 tỷ",26.598.800,"1.118,29 tỷ",26.419.800,"1.129,05 tỷ"
07/04/2021,"1242,38","+2,42(+0,20%)",727.816.148,"16.522,00 tỷ",33.277.400,"1.357,79 tỷ",33.378.300,"1.415,47 tỷ"
06/04/2021,"1239,96","+3,91(+0,32%)",694.064.462,"16.896,00 tỷ",33.617.900,"1.339,06 tỷ",31.803.280,"1.342,77 tỷ"
05/04/2021,"1236,05","+11,60(+0,95%)",693.036.071,"16.815,00 tỷ",41.482.465,"1.623,16 tỷ",35.631.165,"1.475,35 tỷ"
02/04/2021,"1224,45","+8,35(+0,69%)",661.888.603,"16.389,00 tỷ",40.385.827,"1.339,59 tỷ",17.355.200,"624,20 tỷ"
01/04/2021,"1216,10","+24,66(+2,07%)",672.834.667,"16.949,00 tỷ",39.218.800,"1.802,90 tỷ",40.371.100,"1.762,35 tỷ"
31/03/2021,"1191,44","+5,08(+0,43%)",703.083.006,"14.609,00 tỷ",25.556.700,"1.091,67 tỷ",31.369.200,"1.308,40 tỷ"
30/03/2021,"1186,36","+10,68(+0,91%)",780.730.653,"16.948,00 tỷ",46.365.210,"1.574,14 tỷ",46.189.901,"1.864,69 tỷ"
29/03/2021,"1175,68","+13,47(+1,16%)",660.949.737,"14.509,00 tỷ",34.944.000,"1.266,83 tỷ",34.567.400,"1.422,41 tỷ"
26/03/2021,"1162,21","-0,89(-0,08%)",670.464.469,"15.614,00 tỷ",32.135.200,"1.035,95 tỷ",35.712.100,"1.319,67 tỷ"
25/03/2021,"1163,10","+1,29(+0,11%)",690.729.969,"17.434,00 tỷ",32.626.301,"1.687,16 tỷ",41.704.401,"1.420,06 tỷ"
24/03/2021,"1161,81","-21,64(-1,83%)",750.476.625,"17.649,00 tỷ",24.502.400,"906,96 tỷ",39.840.309,"1.291,47 tỷ"
23/03/2021,"1183,45","-10,98(-0,92%)",683.720.105,"15.415,00 tỷ",38.477.133,"1.020,53 tỷ",39.037.833,"1.303,89 tỷ"
22/03/2021,"1194,43","+0,38(+0,03%)",700.869.077,"15.792,00 tỷ",47.745.530,"1.246,39 tỷ",55.273.261,"1.712,17 tỷ"
19/03/2021,"1194,05","-6,89(-0,57%)",680.901.133,"17.228,00 tỷ",64.055.224,"2.205,03 tỷ",93.891.824,"3.328,10 tỷ"
18/03/2021,"1200,94","+14,85(+1,25%)",628.635.256,"15.406,00 tỷ",41.558.800,"1.286,78 tỷ",50.465.600,"1.635,88 tỷ"
17/03/2021,"1186,09","+6,19(+0,52%)",701.092.098,"15.832,00 tỷ",27.976.720,"1.101,67 tỷ",54.675.120,"2.116,66 tỷ"
16/03/2021,"1179,90","-4,66(-0,39%)",683.853.839,"15.313,00 tỷ",29.606.980,"888,28 tỷ",30.533.280,"1.143,83 tỷ"
15/03/2021,"1184,56","+3,00(+0,25%)",676.964.326,"15.105,00 tỷ",26.134.300,"926,26 tỷ",32.563.800,"1.333,13 tỷ"
12/03/2021,"1181,56","-0,17(-0,01%)",624.704.911,"14.582,00 tỷ",28.633.400,"1.096,87 tỷ",29.317.994,"1.334,74 tỷ"
11/03/2021,"1181,73","+11,65(+1,00%)",629.100.607,"15.111,00 tỷ",30.546.300,"1.084,08 tỷ",32.303.970,"1.351,23 tỷ"
10/03/2021,"1170,08","+8,11(+0,70%)",723.921.771,"17.926,00 tỷ",128.185.900,"4.205,62 tỷ",140.632.850,"4.679,49 tỷ"
09/03/2021,"1161,97","-6,30(-0,54%)",641.433.823,"15.133,00 tỷ",28.774.603,"1.082,47 tỷ",61.249.803,"2.222,91 tỷ"
08/03/2021,"1168,27","-0,42(-0,04%)",652.703.157,"15.584,00 tỷ",24.592.462,"902,21 tỷ",58.992.862,"2.149,01 tỷ"
05/03/2021,"1168,69","+0,17(+0,01%)",594.835.364,"14.991,00 tỷ",31.406.150,"1.193,17 tỷ",77.181.250,"2.539,20 tỷ"
04/03/2021,"1168,52","-18,43(-1,55%)",673.449.921,"16.800,00 tỷ",34.250.700,"1.277,23 tỷ",38.293.300,"1.506,47 tỷ"
03/03/2021,"1186,95","+0,34(+0,03%)",631.671.749,"15.297,00 tỷ",32.844.407,"1.378,78 tỷ",43.079.067,"1.846,02 tỷ"
02/03/2021,"1186,61","+0,44(+0,04%)",577.004.910,"15.217,00 tỷ",27.633.320,"1.036,84 tỷ",45.662.814,"1.756,53 tỷ"
01/03/2021,"1186,17","+17,70(+1,51%)",643.381.191,"16.024,00 tỷ",38.258.200,"1.362,70 tỷ",38.784.900,"1.570,92 tỷ"
26/02/2021,"1168,47","+3,04(+0,26%)",554.462.692,"14.870,00 tỷ",27.116.991,"1.145,70 tỷ",40.391.046,"1.619,04 tỷ"
25/02/2021,"1165,43","+3,42(+0,29%)",510.432.491,"13.350,00 tỷ",19.495.800,"761,68 tỷ",31.131.400,"1.219,94 tỷ"
24/02/2021,"1162,01","-15,63(-1,33%)",602.996.255,"15.017,00 tỷ",19.720.830,"721,08 tỷ",39.197.630,"1.401,40 tỷ"
23/02/2021,"1177,64","+2,60(+0,22%)",598.266.663,"15.421,00 tỷ",24.923.914,"909,02 tỷ",44.485.700,"1.525,15 tỷ"
22/02/2021,"1175,04","+1,54(+0,13%)",630.036.515,"15.297,00 tỷ",26.104.400,"961,06 tỷ",44.783.740,"1.570,95 tỷ"
19/02/2021,"1173,50","-0,88(-0,07%)",578.282.998,"14.745,00 tỷ",36.944.240,"1.435,88 tỷ",41.347.236,"1.445,91 tỷ"
18/02/2021,"1174,38","+18,60(+1,61%)",614.819.219,"15.130,00 tỷ",51.376.771,"1.989,63 tỷ",41.889.131,"1.371,14 tỷ"
17/02/2021,"1155,78","+40,85(+3,66%)",568.032.417,"13.898,00 tỷ",49.985.106,"1.723,85 tỷ",27.326.206,"1.023,53 tỷ"
09/02/2021,"1114,93","+31,75(+2,93%)",519.814.193,"12.664,00 tỷ",42.211.600,"1.654,68 tỷ",55.403.070,"2.138,95 tỷ"
08/02/2021,"1083,18","-43,73(-3,88%)",696.599.614,"16.562,00 tỷ",34.484.700,"1.347,89 tỷ",76.087.000,"2.758,01 tỷ"
05/02/2021,"1126,91","+14,72(+1,32%)",529.870.404,"12.416,00 tỷ",53.272.173,"1.806,32 tỷ",37.246.265,"1.374,01 tỷ"
04/02/2021,"1112,19","+0,90(+0,08%)",523.406.058,"12.431,00 tỷ",52.734.900,"1.771,11 tỷ",61.326.110,"1.611,90 tỷ"
03/02/2021,"1111,29","+35,76(+3,32%)",703.174.514,"15.886,00 tỷ",71.253.900,"2.806,97 tỷ",60.460.435,"1.639,71 tỷ"
02/02/2021,"1075,53","+40,02(+3,86%)",602.615.811,"13.160,00 tỷ",52.499.500,"1.825,36 tỷ",55.104.490,"1.719,67 tỷ"
01/02/2021,"1035,51","-21,10(-2,00%)",634.333.751,"13.651,00 tỷ",63.482.400,"1.913,15 tỷ",61.695.400,"1.734,53 tỷ"
29/01/2021,"1056,61","+32,67(+3,19%)",797.385.652,"17.830,00 tỷ",91.255.690,"3.064,41 tỷ",71.660.090,"1.929,38 tỷ"
28/01/2021,"1023,94","-73,23(-6,67%)",767.874.041,"18.395,00 tỷ",77.246.349,"2.926,93 tỷ",57.760.559,"2.431,35 tỷ"
27/01/2021,"1097,17","-38,95(-3,43%)",785.702.985,"16.779,00 tỷ",45.541.000,"1.523,06 tỷ",46.020.200,"1.505,90 tỷ"
26/01/2021,"1136,12","-29,93(-2,57%)",782.270.801,"16.274,00 tỷ",35.316.900,"1.125,76 tỷ",38.632.900,"1.278,49 tỷ"
25/01/2021,"1166,05","-0,73(-0,06%)",707.236.185,"15.785,00 tỷ",52.134.100,"1.384,10 tỷ",47.500.758,"1.640,72 tỷ"
22/01/2021,"1166,78","+2,57(+0,22%)",758.315.840,"16.021,00 tỷ",61.777.500,"1.967,01 tỷ",60.064.500,"2.023,74 tỷ"
21/01/2021,"1164,21","+29,53(+2,60%)",721.919.685,"15.758,00 tỷ",43.506.000,"1.418,01 tỷ",57.077.500,"1.669,45 tỷ"
20/01/2021,"1134,68","+3,68(+0,33%)",839.300.719,"17.790,00 tỷ",68.298.160,"2.409,06 tỷ",67.331.732,"2.191,63 tỷ"
19/01/2021,"1131,00","-60,94(-5,11%)",986.187.155,"20.363,00 tỷ",63.486.248,"2.502,37 tỷ",68.615.548,"2.399,55 tỷ"
18/01/2021,"1191,94","-2,26(-0,19%)",747.415.059,"17.169,00 tỷ",42.087.900,"1.390,56 tỷ",55.466.400,"1.948,51 tỷ"
15/01/2021,"1194,20","+6,80(+0,57%)",783.113.133,"18.698,00 tỷ",36.462.275,"1.126,21 tỷ",60.793.008,"3.232,09 tỷ"
14/01/2021,"1187,40","+1,35(+0,11%)",779.343.266,"17.077,00 tỷ",60.273.500,"2.371,28 tỷ",36.464.630,"1.426,36 tỷ"
13/01/2021,"1186,05","-6,23(-0,52%)",819.291.996,"18.193,00 tỷ",47.274.114,"1.588,92 tỷ",51.556.104,"1.869,84 tỷ"
12/01/2021,"1192,28","+7,39(+0,62%)",719.934.730,"15.804,00 tỷ",44.266.560,"1.467,95 tỷ",60.169.942,"1.747,38 tỷ"
11/01/2021,"1184,89","+17,20(+1,47%)",845.851.690,"18.540,00 tỷ",51.818.700,"1.626,25 tỷ",67.827.300,"1.892,35 tỷ"
08/01/2021,"1167,69","+11,20(+0,97%)",808.314.023,"17.865,00 tỷ",43.556.160,"1.317,97 tỷ",50.935.953,"1.646,06 tỷ"
07/01/2021,"1156,49","+13,28(+1,16%)",763.739.596,"17.022,00 tỷ",46.436.000,"1.287,25 tỷ",48.004.300,"1.590,95 tỷ"
06/01/2021,"1143,21","+10,66(+0,94%)",790.451.912,"18.002,00 tỷ",50.993.700,"1.939,64 tỷ",45.966.800,"1.706,94 tỷ"
05/01/2021,"1132,55","+12,08(+1,08%)",763.427.860,"16.216,00 tỷ",47.462.600,"1.532,59 tỷ",35.580.930,"1.015,32 tỷ"
04/01/2021,"1120,47","+16,60(+1,50%)",764.079.496,"16.254,00 tỷ",32.331.290,"872,76 tỷ",42.930.224,"1.233,50 tỷ"
31/12/2020,"1103,87","+6,33(+0,58%)",527.818.627,"10.807,00 tỷ",23.817.280,"555,53 tỷ",14.964.020,"346,11 tỷ"
30/12/2020,"1097,54","-1,95(-0,18%)",676.978.950,"13.469,00 tỷ",28.069.190,"752,03 tỷ",32.175.670,"1.030,80 tỷ"
29/12/2020,"1099,49","+8,16(+0,75%)",678.818.432,"14.457,00 tỷ",30.291.620,"788,38 tỷ",33.118.880,"1.156,38 tỷ"
28/12/2020,"1091,33","+6,91(+0,64%)",723.882.551,"14.587,00 tỷ",32.878.070,"787,06 tỷ",43.315.330,"1.134,24 tỷ"
25/12/2020,"1084,42","+16,90(+1,58%)",652.808.639,"12.918,00 tỷ",16.152.250,"322,67 tỷ",26.319.070,"562,44 tỷ"
24/12/2020,"1067,52","-11,38(-1,05%)",757.318.877,"14.181,00 tỷ",22.568.300,"691,10 tỷ",32.194.482,"766,04 tỷ"
23/12/2020,"1078,90","-4,55(-0,42%)",813.169.564,"14.949,00 tỷ",31.269.163,"1.008,98 tỷ",44.704.126,"1.174,25 tỷ"
22/12/2020,"1083,45","+2,37(+0,22%)",756.114.347,"14.590,00 tỷ",27.107.800,"801,32 tỷ",32.214.150,"885,24 tỷ"
21/12/2020,"1081,08","+13,62(+1,28%)",713.662.252,"14.336,00 tỷ",36.407.320,"978,42 tỷ",37.438.480,"833,99 tỷ"
18/12/2020,"1067,46","+15,69(+1,49%)",623.638.382,"13.237,00 tỷ",57.877.860,"1.715,08 tỷ",58.481.260,"1.667,92 tỷ"
17/12/2020,"1051,77","-15,22(-1,43%)",667.888.063,"14.531,00 tỷ",31.066.870,"916,80 tỷ",55.305.730,"1.695,48 tỷ"
16/12/2020,"1066,99","+11,72(+1,11%)",591.566.382,"11.861,61 tỷ",30.785.210,"878,84 tỷ",39.995.125,"1.105,35 tỷ"
15/12/2020,"1055,27","-8,82(-0,83%)",675.180.208,"13.552,00 tỷ",42.382.250,"1.123,69 tỷ",64.300.424,"1.949,07 tỷ"
14/12/2020,"1064,09","+18,13(+1,73%)",583.588.995,"12.619,00 tỷ",47.734.010,"1.344,21 tỷ",64.074.564,"1.807,34 tỷ"
11/12/2020,"1045,96","+15,05(+1,46%)",463.771.359,"10.557,00 tỷ",46.103.697,"1.572,20 tỷ",34.266.390,"887,89 tỷ"
10/12/2020,"1030,91","-8,22(-0,79%)",626.451.597,"13.353,00 tỷ",48.926.920,"1.360,50 tỷ",43.324.994,"1.138,06 tỷ"
09/12/2020,"1039,13","+9,87(+0,96%)",586.051.690,"11.708,00 tỷ",31.178.920,"899,92 tỷ",34.713.150,"866,26 tỷ"
08/12/2020,"1029,26","-0,72(-0,07%)",527.667.121,"10.517,00 tỷ",34.197.760,"851,12 tỷ",37.359.000,"920,31 tỷ"
07/12/2020,"1029,98","+8,49(+0,83%)",520.338.686,"10.096,00 tỷ",33.560.650,"858,89 tỷ",29.784.870,"626,56 tỷ"
04/12/2020,"1021,49","+1,69(+0,17%)",553.590.343,"10.700,00 tỷ",35.861.770,"954,89 tỷ",39.606.076,"998,23 tỷ"
03/12/2020,"1019,80","+5,48(+0,54%)",518.905.499,"9.695,82 tỷ",44.879.910,"1.211,58 tỷ",28.993.280,"763,65 tỷ"
02/12/2020,"1014,32","+5,45(+0,54%)",684.524.912,"14.083,39 tỷ",41.309.260,"1.202,86 tỷ",102.420.984,"2.208,22 tỷ"
01/12/2020,"1008,87","+5,79(+0,58%)",583.307.874,"11.311,43 tỷ",50.477.890,"1.281,39 tỷ",34.279.910,"887,37 tỷ"
30/11/2020,"1003,08","-7,14(-0,71%)",532.930.170,"10.808,69 tỷ",50.026.040,"1.371,78 tỷ",42.313.734,"1.240,73 tỷ"
27/11/2020,"1010,22","+4,25(+0,42%)",446.435.493,"9.483,47 tỷ",51.782.631,"1.490,45 tỷ",48.052.458,"1.419,01 tỷ"
26/11/2020,"1005,97","+6,03(+0,60%)",493.557.788,"10.031,27 tỷ",31.840.392,"765,71 tỷ",49.537.712,"1.239,97 tỷ"
25/11/2020,"999,94","+4,18(+0,42%)",475.736.585,"10.678,13 tỷ",28.318.900,"696,84 tỷ",37.082.044,"865,59 tỷ"
24/11/2020,"995,76","+1,57(+0,16%)",550.067.967,"12.134,98 tỷ",36.867.534,"974,14 tỷ",36.728.766,"840,00 tỷ"
23/11/2020,"994,19","+4,19(+0,42%)",529.268.908,"10.356,38 tỷ",30.364.960,"1.036,28 tỷ",34.508.910,"880,20 tỷ"
20/11/2020,"990,00","+6,74(+0,69%)",501.052.016,"9.369,48 tỷ",29.382.090,"768,99 tỷ",29.401.400,"658,77 tỷ"
19/11/2020,"983,26","+9,73(+1,00%)",500.118.822,"10.528,83 tỷ",34.103.030,"1.108,20 tỷ",28.964.790,"708,99 tỷ"
18/11/2020,"973,53","+4,63(+0,48%)",478.682.286,"9.818,91 tỷ",28.578.560,"1.023,71 tỷ",26.986.370,"565,57 tỷ"
17/11/2020,"968,90","+18,11(+1,90%)",400.955.086,"7.743,67 tỷ",32.145.052,"803,45 tỷ",39.782.221,"922,53 tỷ"
16/11/2020,"950,79","-15,50(-1,60%)",518.930.355,"10.057,24 tỷ",27.015.921,"736,49 tỷ",43.049.621,"1.141,23 tỷ"
13/11/2020,"966,29","+7,01(+0,73%)",457.828.978,"7.802,11 tỷ",27.848.970,"922,62 tỷ",29.107.510,"715,13 tỷ"
12/11/2020,"959,28","+7,06(+0,74%)",367.743.362,"5.882,97 tỷ",18.787.510,"437,81 tỷ",24.519.719,"572,96 tỷ"
11/11/2020,"952,22","+0,32(+0,03%)",399.291.676,"7.682,98 tỷ",23.809.000,"648,47 tỷ",42.846.420,"1.240,52 tỷ"
10/11/2020,"951,90","-0,09(-0,01%)",456.747.250,"9.335,48 tỷ",26.787.427,"712,23 tỷ",48.975.463,"1.472,29 tỷ"
09/11/2020,"951,99","+13,70(+1,46%)",393.195.035,"7.883,09 tỷ",27.441.930,"795,10 tỷ",31.707.690,"1.004,13 tỷ"
06/11/2020,"938,29","+0,54(+0,06%)",268.232.099,"5.359,96 tỷ",14.616.660,"472,95 tỷ",23.140.110,"624,06 tỷ"
05/11/2020,"937,75","-2,01(-0,21%)",304.332.571,"6.380,14 tỷ",18.533.914,"608,02 tỷ",19.790.394,"582,63 tỷ"
04/11/2020,"939,76","+4,35(+0,47%)",350.871.986,"7.042,11 tỷ",15.152.860,"342,27 tỷ",33.859.114,"981,19 tỷ"
03/11/2020,"935,41","+1,73(+0,19%)",318.702.179,"6.306,11 tỷ",14.174.659,"399,20 tỷ",29.730.999,"1.055,93 tỷ"
02/11/2020,"933,68","+8,21(+0,89%)",297.601.123,"5.343,81 tỷ",13.432.360,"330,95 tỷ",25.858.880,"838,30 tỷ"
30/10/2020,"925,47","+6,39(+0,70%)",312.753.239,"6.557,65 tỷ",18.772.550,"608,13 tỷ",34.671.480,"1.181,00 tỷ"
29/10/2020,"919,08","-1,97(-0,21%)",436.132.930,"8.000,70 tỷ",22.626.020,"603,43 tỷ",24.317.780,"941,65 tỷ"
28/10/2020,"921,05","-25,42(-2,69%)",456.058.310,"9.019,37 tỷ",29.316.839,"735,78 tỷ",39.765.549,"1.217,11 tỷ"
27/10/2020,"946,47","-4,33(-0,46%)",455.852.375,"8.733,07 tỷ",39.747.891,"974,08 tỷ",44.889.481,"1.146,72 tỷ"
26/10/2020,"950,80","-10,46(-1,09%)",428.249.098,"8.550,87 tỷ",13.801.730,"349,41 tỷ",26.022.930,"770,35 tỷ"
23/10/2020,"961,26","+11,36(+1,20%)",452.492.266,"9.460,06 tỷ",51.034.067,"1.202,37 tỷ",58.390.967,"1.440,48 tỷ"
22/10/2020,"949,90","+10,87(+1,16%)",365.115.464,"7.308,15 tỷ",31.895.791,"571,35 tỷ",46.348.201,"1.172,74 tỷ"
21/10/2020,"939,03","-5,39(-0,57%)",412.650.340,"8.395,56 tỷ",27.134.530,"623,95 tỷ",35.127.930,"981,58 tỷ"
20/10/2020,"944,42","+0,73(+0,08%)",444.327.632,"9.190,83 tỷ",29.542.257,"774,83 tỷ",66.045.713,"1.682,88 tỷ"
19/10/2020,"943,69","+0,39(+0,04%)",389.468.232,"7.881,90 tỷ",23.729.573,"725,25 tỷ",35.558.423,"1.085,92 tỷ"
16/10/2020,"943,30","+0,54(+0,06%)",443.329.721,"9.275,54 tỷ",31.364.930,"864,13 tỷ",47.700.029,"1.291,49 tỷ"
15/10/2020,"942,76","+2,58(+0,27%)",470.505.206,"9.406,62 tỷ",35.836.687,"1.118,50 tỷ",44.256.427,"1.385,67 tỷ"
14/10/2020,"940,18","+10,32(+1,11%)",474.920.831,"14.399,10 tỷ",70.009.611,"5.988,75 tỷ",90.701.181,"6.548,75 tỷ"
13/10/2020,"929,86","+4,03(+0,44%)",359.015.145,"6.503,59 tỷ",17.486.441,"515,45 tỷ",17.192.171,"541,89 tỷ"
12/10/2020,"925,83","+1,83(+0,20%)",457.229.293,"9.004,38 tỷ",18.878.220,"498,68 tỷ",34.426.859,"875,50 tỷ"
09/10/2020,"924,00","+5,16(+0,56%)",388.133.119,"6.644,67 tỷ",20.218.300,"458,65 tỷ",22.641.997,"496,24 tỷ"
08/10/2020,"918,84","-0,88(-0,10%)",470.304.445,"7.946,26 tỷ",26.707.712,"678,38 tỷ",34.344.952,"772,10 tỷ"
07/10/2020,"919,72","+4,05(+0,44%)",523.961.365,"8.784,49 tỷ",19.855.970,"473,94 tỷ",28.370.267,"668,15 tỷ"
06/10/2020,"915,67","+0,99(+0,11%)",496.132.393,"8.205,02 tỷ",26.979.220,"778,92 tỷ",28.257.298,"877,33 tỷ"
05/10/2020,"914,68","+4,77(+0,52%)",456.101.119,"7.302,21 tỷ",29.138.000,"555,25 tỷ",31.606.281,"735,95 tỷ"
02/10/2020,"909,91","-4,18(-0,46%)",527.158.154,"8.592,17 tỷ",15.898.370,"344,53 tỷ",29.602.890,"622,42 tỷ"
01/10/2020,"914,09","+8,88(+0,98%)",352.448.619,"6.761,68 tỷ",12.973.090,"322,19 tỷ",22.451.058,"591,55 tỷ"
30/09/2020,"905,21","+1,23(+0,14%)",340.685.594,"6.359,63 tỷ",16.026.212,"280,88 tỷ",21.221.462,"530,18 tỷ"
29/09/2020,"903,98","-8,52(-0,93%)",465.359.349,"8.527,35 tỷ",25.788.240,"548,19 tỷ",43.678.134,"1.141,72 tỷ"
28/09/2020,"912,50","+4,23(+0,47%)",420.240.133,"7.250,99 tỷ",19.783.930,"396,82 tỷ",29.008.400,"782,80 tỷ"
25/09/2020,"908,27","-0,31(-0,03%)",361.232.130,"6.275,15 tỷ",13.316.020,"310,52 tỷ",21.506.770,"443,49 tỷ"
24/09/2020,"908,58","-3,92(-0,43%)",398.464.411,"6.408,17 tỷ",22.454.500,"495,46 tỷ",27.358.940,"617,17 tỷ"
23/09/2020,"912,50","+6,31(+0,70%)",392.506.597,"6.483,86 tỷ",26.774.807,"616,71 tỷ",23.505.557,"492,04 tỷ"
22/09/2020,"906,19","-1,75(-0,19%)",401.407.999,"6.745,96 tỷ",22.564.790,"548,65 tỷ",17.861.890,"466,31 tỷ"
21/09/2020,"907,94","+6,99(+0,78%)",403.435.014,"7.716,50 tỷ",22.890.390,"676,43 tỷ",21.922.360,"574,97 tỷ"
18/09/2020,"900,95","+6,91(+0,77%)",361.844.377,"6.661,62 tỷ",29.342.250,"827,81 tỷ",31.693.810,"895,59 tỷ"
17/09/2020,"894,04","-3,43(-0,38%)",395.454.931,"6.544,27 tỷ",24.834.950,"636,25 tỷ",29.099.780,"746,93 tỷ"
16/09/2020,"897,47","+1,21(+0,14%)",290.433.568,"5.049,80 tỷ",10.055.070,"237,55 tỷ",17.083.780,"402,36 tỷ"
15/09/2020,"896,26","+1,69(+0,19%)",381.798.801,"6.725,95 tỷ",19.516.760,"467,75 tỷ",26.430.775,"828,09 tỷ"
14/09/2020,"894,57","+5,60(+0,63%)",364.431.541,"6.380,38 tỷ",16.520.420,"413,12 tỷ",30.456.756,"840,44 tỷ"
11/09/2020,"888,97","+0,15(+0,02%)",309.908.605,"5.517,67 tỷ",21.437.130,"600,67 tỷ",32.870.950,"909,73 tỷ"
10/09/2020,"888,82","-0,50(-0,06%)",387.236.519,"11.429,46 tỷ",83.413.896,"5.720,04 tỷ",33.570.290,"972,07 tỷ"
09/09/2020,"889,32","-0,82(-0,09%)",318.443.237,"5.985,20 tỷ",20.768.880,"465,29 tỷ",26.475.230,"634,44 tỷ"
08/09/2020,"890,14","+1,89(+0,21%)",294.020.747,"5.788,10 tỷ",18.175.603,"536,17 tỷ",29.265.760,"965,48 tỷ"
07/09/2020,"888,25","-13,29(-1,47%)",434.062.933,"7.587,74 tỷ",25.861.120,"756,25 tỷ",23.447.170,"702,87 tỷ"
04/09/2020,"901,54","-2,43(-0,27%)",346.438.791,"6.732,39 tỷ",32.437.020,"1.113,60 tỷ",31.766.480,"1.128,25 tỷ"
03/09/2020,"903,97","+12,24(+1,37%)",370.489.521,"7.659,25 tỷ",52.358.723,"1.471,76 tỷ",39.022.477,"1.081,63 tỷ"
01/09/2020,"891,73","+10,08(+1,14%)",316.999.969,"5.998,87 tỷ",23.240.254,"601,65 tỷ",25.815.656,"793,93 tỷ"
31/08/2020,"881,65","+2,67(+0,30%)",352.651.008,"6.328,08 tỷ",13.775.490,"477,76 tỷ",29.660.599,"766,70 tỷ"
28/08/2020,"878,98","+4,27(+0,49%)",398.321.424,"7.686,28 tỷ",19.377.890,"571,35 tỷ",63.431.948,"1.798,56 tỷ"
27/08/2020,"874,71","+1,24(+0,14%)",325.718.147,"6.240,19 tỷ",25.432.270,"705,21 tỷ",25.942.357,"940,71 tỷ"
26/08/2020,"873,47","-0,65(-0,07%)",352.376.560,"6.233,84 tỷ",17.570.170,"573,44 tỷ",29.909.130,"934,64 tỷ"
25/08/2020,"874,12","+5,44(+0,63%)",399.065.173,"7.549,64 tỷ",18.185.670,"407,56 tỷ",29.741.860,"863,54 tỷ"
24/08/2020,"868,68","+13,90(+1,63%)",381.517.543,"6.646,03 tỷ",26.981.191,"676,30 tỷ",35.116.681,"1.071,93 tỷ"
21/08/2020,"854,78","+6,57(+0,77%)",286.817.402,"4.958,88 tỷ",16.232.631,"405,87 tỷ",21.844.079,"676,86 tỷ"
20/08/2020,"848,21","-3,00(-0,35%)",285.685.594,"6.598,88 tỷ",36.297.070,"2.132,88 tỷ",27.407.350,"706,91 tỷ"
19/08/2020,"851,21","+4,78(+0,56%)",240.147.222,"3.999,15 tỷ",12.347.440,"293,31 tỷ",12.426.490,"312,90 tỷ"
18/08/2020,"846,43","-3,72(-0,44%)",227.510.848,"3.953,03 tỷ",11.906.230,"278,09 tỷ",18.094.100,"561,42 tỷ"
17/08/2020,"850,15","-0,59(-0,07%)",237.510.681,"3.850,39 tỷ",5.055.900,"129,02 tỷ",9.407.470,"213,10 tỷ"
14/08/2020,"850,74","-4,31(-0,50%)",304.706.001,"5.162,85 tỷ",12.276.610,"317,45 tỷ",26.642.180,"525,10 tỷ"
13/08/2020,"855,05","+8,13(+0,96%)",256.244.523,"4.448,43 tỷ",17.260.790,"489,59 tỷ",22.930.240,"618,84 tỷ"
12/08/2020,"846,92","+3,84(+0,46%)",272.493.250,"4.513,22 tỷ",12.831.840,"371,10 tỷ",22.578.680,"467,62 tỷ"
11/08/2020,"843,08","-0,12(-0,01%)",249.000.304,"4.184,49 tỷ",15.120.310,"471,04 tỷ",23.141.420,"592,44 tỷ"
10/08/2020,"843,20","+1,74(+0,21%)",309.297.390,"4.868,16 tỷ",19.030.324,"406,51 tỷ",22.957.618,"595,10 tỷ"
07/08/2020,"841,46","+1,42(+0,17%)",259.884.838,"4.555,83 tỷ",12.563.890,"373,51 tỷ",17.687.080,"462,64 tỷ"
06/08/2020,"840,04","+2,24(+0,27%)",257.016.920,"4.152,38 tỷ",16.537.360,"388,32 tỷ",16.666.490,"374,51 tỷ"
05/08/2020,"837,80","+10,23(+1,24%)",306.639.158,"5.370,78 tỷ",21.814.700,"559,78 tỷ",18.576.200,"535,79 tỷ"
04/08/2020,"827,57","+12,92(+1,59%)",277.448.893,"4.179,05 tỷ",15.111.789,"413,93 tỷ",19.325.569,"527,99 tỷ"
03/08/2020,"814,65","+16,26(+2,04%)",298.136.184,"4.752,24 tỷ",18.337.650,"397,46 tỷ",13.804.110,"384,30 tỷ"
31/07/2020,"798,39","-2,74(-0,34%)",249.630.878,"3.902,24 tỷ",16.894.180,"455,97 tỷ",22.630.530,"585,52 tỷ"
30/07/2020,"801,13","+10,29(+1,30%)",188.944.703,"3.196,53 tỷ",15.080.331,"482,39 tỷ",16.379.366,"467,55 tỷ"
29/07/2020,"790,84","-22,52(-2,77%)",362.091.753,"5.463,96 tỷ",33.415.236,"721,03 tỷ",17.359.390,"417,24 tỷ"
28/07/2020,"813,36","+28,19(+3,59%)",328.490.834,"5.028,52 tỷ",27.318.410,"654,81 tỷ",14.390.270,"438,18 tỷ"
27/07/2020,"785,17","-43,99(-5,31%)",422.707.490,"7.018,36 tỷ",33.097.638,"749,73 tỷ",13.006.318,"455,09 tỷ"
24/07/2020,"829,16","-27,59(-3,22%)",505.098.514,"7.540,28 tỷ",29.803.820,"721,66 tỷ",19.998.890,"466,07 tỷ"
23/07/2020,"856,75","+1,67(+0,20%)",240.494.702,"3.863,16 tỷ",15.347.800,"439,92 tỷ",18.306.170,"522,41 tỷ"
22/07/2020,"855,08","-6,61(-0,77%)",278.602.354,"4.328,41 tỷ",11.699.980,"367,41 tỷ",17.837.180,"516,69 tỷ"
21/07/2020,"861,69","+0,29(+0,03%)",245.405.073,"4.579,16 tỷ",16.658.940,"578,98 tỷ",29.703.040,"883,29 tỷ"
20/07/2020,"861,40","-10,62(-1,22%)",285.075.775,"4.768,92 tỷ",9.942.070,"333,26 tỷ",21.611.340,"573,14 tỷ"
17/07/2020,"872,02","-4,81(-0,55%)",270.682.017,"4.575,91 tỷ",12.495.690,"313,77 tỷ",11.036.440,"316,56 tỷ"
16/07/2020,"876,83","+6,92(+0,80%)",243.472.026,"4.296,64 tỷ",17.348.139,"577,51 tỷ",19.708.699,"602,46 tỷ"
15/07/2020,"869,91","+1,80(+0,21%)",258.293.626,"4.465,52 tỷ",18.304.320,"615,78 tỷ",22.619.770,"726,41 tỷ"
14/07/2020,"868,11","-0,61(-0,07%)",239.137.660,"4.066,90 tỷ",8.781.774,"288,27 tỷ",14.851.032,"361,39 tỷ"
13/07/2020,"868,72","-2,49(-0,29%)",246.073.500,"4.342,50 tỷ",20.410.022,"581,44 tỷ",28.040.982,"645,74 tỷ"
10/07/2020,"871,21","-5,25(-0,60%)",291.113.796,"4.840,51 tỷ",24.814.044,"820,83 tỷ",31.625.224,"982,72 tỷ"
09/07/2020,"876,46","+11,96(+1,38%)",306.075.738,"5.240,50 tỷ",19.638.148,"737,75 tỷ",23.933.928,"899,65 tỷ"
08/07/2020,"864,50","+1,08(+0,13%)",237.540.566,"4.302,28 tỷ",11.471.058,"387,79 tỷ",21.247.554,"702,02 tỷ"
07/07/2020,"863,42","+2,26(+0,26%)",330.902.376,"5.716,59 tỷ",26.589.279,"870,25 tỷ",26.265.299,"810,71 tỷ"
06/07/2020,"861,16","+13,55(+1,60%)",215.091.679,"4.185,21 tỷ",19.456.728,"699,15 tỷ",20.535.431,"674,11 tỷ"
03/07/2020,"847,61","+5,23(+0,62%)",203.001.178,"3.561,50 tỷ",20.401.106,"610,48 tỷ",20.756.746,"451,88 tỷ"
02/07/2020,"842,38","-1,11(-0,13%)",223.794.868,"3.781,67 tỷ",14.301.210,"544,41 tỷ",23.284.970,"721,57 tỷ"
01/07/2020,"843,49","+18,38(+2,23%)",303.545.946,"4.655,51 tỷ",36.446.782,"1.000,24 tỷ",34.490.532,"883,27 tỷ"
27/07/2021,"1276,93","+4,22(+0,33%)",566.746.020,"18.550,00 tỷ",43.612.300,"2.256,41 tỷ",35.295.700,"1.969,73 tỷ"
28/07/2021,"1277,71","+0,78(+0,06%)",288.465.204,"9.182,00 tỷ",10.636.700,"469,81 tỷ",11.685.960,"521,28 tỷ"
30/07/2021,"1310,10","+16,50(+1,28%)",536.078.861,"17.603,00 tỷ",27.737.500,"1.460,85 tỷ",22.298.600,"1.147,63 tỷ"
29/07/2021,"1293,60","+16,53(+1,29%)",491.061.034,"16.279,00 tỷ",47.351.800,"1.617,52 tỷ",54.226.100,"1.688,27 tỷ"
